-- MySQL dump 10.13  Distrib 8.0.29, for Linux (x86_64)
--
-- Host: localhost    Database: imagespark
-- ------------------------------------------------------
-- Server version	8.0.29-0ubuntu0.22.04.2

/*!40101 SET @OLD_CHARACTER_SET_CLIENT=@@CHARACTER_SET_CLIENT */;
/*!40101 SET @OLD_CHARACTER_SET_RESULTS=@@CHARACTER_SET_RESULTS */;
/*!40101 SET @OLD_COLLATION_CONNECTION=@@COLLATION_CONNECTION */;
/*!50503 SET NAMES utf8 */;
/*!40103 SET @OLD_TIME_ZONE=@@TIME_ZONE */;
/*!40103 SET TIME_ZONE='+00:00' */;
/*!40014 SET @OLD_UNIQUE_CHECKS=@@UNIQUE_CHECKS, UNIQUE_CHECKS=0 */;
/*!40014 SET @OLD_FOREIGN_KEY_CHECKS=@@FOREIGN_KEY_CHECKS, FOREIGN_KEY_CHECKS=0 */;
/*!40101 SET @OLD_SQL_MODE=@@SQL_MODE, SQL_MODE='NO_AUTO_VALUE_ON_ZERO' */;
/*!40111 SET @OLD_SQL_NOTES=@@SQL_NOTES, SQL_NOTES=0 */;

--
-- Table structure for table `courses`
--

DROP TABLE IF EXISTS `courses`;
/*!40101 SET @saved_cs_client     = @@character_set_client */;
/*!50503 SET character_set_client = utf8mb4 */;
CREATE TABLE `courses` (
  `id_course` int NOT NULL AUTO_INCREMENT,
  `id_author` int NOT NULL,
  `title` varchar(255) DEFAULT NULL,
  `description` varchar(255) DEFAULT NULL,
  `content` json DEFAULT NULL,
  `deleted_at` datetime DEFAULT NULL,
  PRIMARY KEY (`id_course`),
  KEY `fk_courses_1_idx` (`id_author`),
  CONSTRAINT `fk_courses_1` FOREIGN KEY (`id_author`) REFERENCES `users` (`id`)
) ENGINE=InnoDB AUTO_INCREMENT=32 DEFAULT CHARSET=utf8mb4 COLLATE=utf8mb4_0900_ai_ci;
/*!40101 SET character_set_client = @saved_cs_client */;

--
-- Dumping data for table `courses`
--

LOCK TABLES `courses` WRITE;
/*!40000 ALTER TABLE `courses` DISABLE KEYS */;
INSERT INTO `courses` VALUES (1,4,'первыйdfbdfb',NULL,NULL,'2022-07-19 14:01:00'),(2,4,'второй',NULL,NULL,'2022-07-28 13:02:50'),(3,4,'третий',NULL,NULL,NULL),(4,4,'четветрый',NULL,NULL,NULL),(5,4,'пятый',NULL,NULL,'2022-07-28 13:03:37'),(6,4,'шестой',NULL,NULL,NULL),(7,4,'седьмой',NULL,'[]',NULL),(8,4,'восьмой',NULL,'[{\"type\": \"link\", \"content\": \"dvsadvsvs\", \"sectionId\": 102752}, {\"type\": \"photo\", \"content\": \"sdsdfsfsfs\", \"sectionId\": 101881}, {\"type\": \"text\", \"content\": \"Hello, world\", \"sectionId\": 45198}, {\"type\": \"text\", \"content\": \"Hello, world\", \"sectionId\": 44775}, {\"type\": \"text\", \"content\": \"Hello, world\", \"sectionId\": 44942}, {\"type\": \"text\", \"content\": \"Hello, world\", \"sectionId\": 45015}]',NULL),(9,4,'девятый',NULL,'[{\"type\": \"text\", \"content\": \"adsfsf\", \"sectionId\": 106676}]',NULL),(23,4,'Courser','Мой первый курс','{\"1\": {\"type\": \"text\", \"content\": \"Здесь можно писать что угодно и это не превратится в абракадабру\", \"sectionId\": 103199}, \"2\": {\"type\": \"photo\", \"content\": \"https://c.tenor.com/kzwbaa-Gg2QAAAAd/women-hahaha-women-memes.gif\", \"sectionId\": 102907}, \"3\": {\"type\": \"link\", \"content\": \"https://www.esquire.com/uk/culture/a35115913/best-memes-2021/\", \"sectionId\": 103050}}',NULL),(24,1065,'First','My first course','[{\"type\": \"text\", \"content\": \"выавыавыавыаы\", \"sectionId\": 96785}]',NULL),(25,1065,'Курс 25','fbdfbdfgdfh',NULL,NULL),(26,1065,'Курс 26','Описание 26',NULL,NULL),(27,1065,'Курс 27','Описание 27',NULL,NULL),(28,1065,'defefewf','asd','[{\"type\": \"text\", \"content\": \"sdfsfsfsfsfdsfs\", \"sectionId\": 100506}]',NULL),(29,1065,'Курс 29','Описание 29',NULL,NULL),(30,4,'aaaaaaaa','aaaaaaaaaaaaaaaaaaaa','[{\"type\": \"text\", \"content\": \"sdsfffs\", \"sectionId\": 106411}]','2022-07-28 14:21:35'),(31,4,'course','new course','[]',NULL);
/*!40000 ALTER TABLE `courses` ENABLE KEYS */;
UNLOCK TABLES;

--
-- Table structure for table `roles`
--

DROP TABLE IF EXISTS `roles`;
/*!40101 SET @saved_cs_client     = @@character_set_client */;
/*!50503 SET character_set_client = utf8mb4 */;
CREATE TABLE `roles` (
  `role_id` int NOT NULL AUTO_INCREMENT,
  `role_name` varchar(45) DEFAULT NULL,
  PRIMARY KEY (`role_id`)
) ENGINE=InnoDB AUTO_INCREMENT=4 DEFAULT CHARSET=utf8mb4 COLLATE=utf8mb4_0900_ai_ci;
/*!40101 SET character_set_client = @saved_cs_client */;

--
-- Dumping data for table `roles`
--

LOCK TABLES `roles` WRITE;
/*!40000 ALTER TABLE `roles` DISABLE KEYS */;
INSERT INTO `roles` VALUES (1,'user'),(2,'admin');
/*!40000 ALTER TABLE `roles` ENABLE KEYS */;
UNLOCK TABLES;

--
-- Table structure for table `users`
--

DROP TABLE IF EXISTS `users`;
/*!40101 SET @saved_cs_client     = @@character_set_client */;
/*!50503 SET character_set_client = utf8mb4 */;
CREATE TABLE `users` (
  `id` int NOT NULL AUTO_INCREMENT,
  `name_first` varchar(45) NOT NULL,
  `email` varchar(45) NOT NULL,
  `password` varchar(100) DEFAULT NULL,
  `deleted_at` datetime DEFAULT NULL,
  `role_id` int DEFAULT NULL,
  `avatar` varchar(255) DEFAULT NULL,
  PRIMARY KEY (`id`),
  UNIQUE KEY `name_first_UNIQUE` (`name_first`),
  UNIQUE KEY `email_UNIQUE` (`email`),
  KEY `fk_users_1_idx` (`role_id`),
  CONSTRAINT `fk_users_1` FOREIGN KEY (`role_id`) REFERENCES `roles` (`role_id`) ON DELETE RESTRICT ON UPDATE RESTRICT
) ENGINE=InnoDB AUTO_INCREMENT=1077 DEFAULT CHARSET=utf8mb4 COLLATE=utf8mb4_0900_ai_ci;
/*!40101 SET character_set_client = @saved_cs_client */;

--
-- Dumping data for table `users`
--

LOCK TABLES `users` WRITE;
/*!40000 ALTER TABLE `users` DISABLE KEYS */;
INSERT INTO `users` VALUES (3,'kirill2_1','kluknulo@klu.ru','',NULL,2,NULL),(4,'dima','dima@dima.ru','$2y$10$N0jcHGNWcCpfoOyJfXkYT.VbfHsWJoG6CuCoe.U7eeGiBVW75pgXa',NULL,2,'62de628a99960megamegahorosh.png'),(5,'test0','test@test.ru','',NULL,1,NULL),(6,'test1','test1@test.ru','','2022-07-14 00:20:04',2,NULL),(7,'test2','test2@test.ru','',NULL,1,NULL),(8,'test3','test3@test.ru','$2y$10$HHwP9IFXjuVfhkimXDWy1eSLk.xEO6MammYlhf3VdD9lZ3AcHwfVa',NULL,1,NULL),(9,'test4','test4@test.ru','$2y$10$IbXLcWGrF03BhnPeXQBhnuHuU3x78YzgsVttvr1w7sAmSnE0v/iPa',NULL,1,NULL),(10,'test5','test5@test.ru','',NULL,1,NULL),(11,'test6','test6@test.ru','$2y$10$UQp1EXTLQfljCTZtRWr88uR25O5zqlbZvX72vmsptCjzRakfpLXw6','2022-07-13 23:41:48',2,NULL),(12,'testhahahaah','test7@test.ru','','2022-07-17 00:49:11',1,NULL),(13,'test8','test8@test.ru','$2y$10$HCxrXy3yYvoS7UD/F7tiXeF7uGfrnhSqrryubKvb9Wgou7JOVIIvq',NULL,1,NULL),(14,'test9','test9@test.ru','$2y$10$D0Cl0DrwoAk4/qZQOoHcHu1hKrNCpS/L14DxFG8.02t6RtgB21TnW',NULL,1,NULL),(15,'test10','test10@test.ru','$2y$10$L9IeODANOO9u5a1xFAMq4u.q7NxkTxY9unHZVxQC1m4Ie.o2w/L7e',NULL,1,NULL),(16,'test11','test11@test.ru','$2y$10$DS1Dx6ci0SbQVBlgd.M2m.zXai.bCosNcUCXpJcqJWV3AUdwGgRPS',NULL,1,NULL),(17,'test12','test12@test.ru','$2y$10$nt/kVJdUFuUmwkr9yvn7huAtmaRJZyo.WBNo9XnuEGC.rEp7KAf5a',NULL,1,NULL),(18,'test13','test13@test.ru','$2y$10$FP7MtjlaNQKTs/j1VkrXduy2C5GuPnjrh0YdO3ZUnn1OgjgmAJqAK',NULL,1,NULL),(19,'test14','test14@test.ru','$2y$10$ko47x1RcnPGVBtAwHtjOT.qw3dXbmVDW3gH2J7xzRwHM5TLLcfq9.',NULL,1,NULL),(20,'test15','test15@test.ru','$2y$10$70whMWOT1qpXLLcCEoObGO/AMaVnkKQRolUoHSnLk1qbZrck6AoTG',NULL,1,NULL),(21,'test16','test16@test.ru','$2y$10$TUgD412KQmfpFmiwNSqKu.FINewI/7uaDoKc12xBw2gIvHHyM19R2',NULL,1,NULL),(22,'test17','test17@test.ru','$2y$10$z6m3NlB82dU/1KGyrHiiVOhBYuxBbnHKDArd7DWc9rzwDXQ9cmWDC',NULL,1,NULL),(23,'test18','test18@test.ru','$2y$10$JAlk7VV0NIcOg3trIqsnL.kPpRDxORr8SId2Kc7L0DaeBb0V5KUZu',NULL,1,NULL),(24,'test19','test19@test.ru','$2y$10$1E/Gmeuez1O0o9OOp30ayOvUudjr9rljX/0q/h.ygfu4Hk/DcJoA6',NULL,1,NULL),(25,'test20','test20@test.ru','$2y$10$C9pVVDGG0XHp3K1XPkEIhuFRGG9EPI2HSwnpEpEDh3Zf0bV9t1f2O',NULL,1,NULL),(26,'test21','test21@test.ru','$2y$10$aHhu.iFdLnJMHULEowzAP.eUgLHTyUpcDbLLRr9KrjkOyzGHg35Am',NULL,1,NULL),(27,'test22','test22@test.ru','$2y$10$crrx5oZcclbvB.Q432UzUeExGWM8P25KRqNkG.tkcsm1dfwNInMqu',NULL,1,NULL),(28,'test23','test23@test.ru','$2y$10$m4MLrFLFgN.A4kn3vDyY0uT414SAW2S8xjaZLWWLzd8JAyyo.rclu',NULL,1,NULL),(29,'test24','test24@test.ru','$2y$10$lmlKuduJ4cBZNAk3pa7C5uYlz2qhtt4pvoYQZkqN3M4Z4rmGgSS9m',NULL,1,NULL),(30,'test25','test25@test.ru','$2y$10$Sbn2L6H0a5JcQvBAbMGSHe31fk4tJbc37X4VJFiEPE6rPaXNFOAHq',NULL,1,NULL),(31,'test26','test26@test.ru','$2y$10$vHwi0ZiyeDbmFDtXgHCvJ.VrnVRzrMr91la7ZVFf2pOd8vsA2jSji',NULL,1,NULL),(32,'test27','test27@test.ru','$2y$10$oyTUzga2x5MqRAJB1woCx.QnLkhDBj9ejAz1eoUDf89e/0B1Wjvrm',NULL,1,NULL),(33,'test28','test28@test.ru','$2y$10$N7vGtWWGrOlC1G5OPMmImeEFzY8YKBaG88tHmAHWDaGWW2gvUcTvu',NULL,1,NULL),(34,'test29','test29@test.ru','$2y$10$5rb5UIrXF4z1ThZzx6xQF.F7el8t0aE5l28M3/OiB4eRb/USkzKz.',NULL,1,NULL),(35,'test30','test30@test.ru','$2y$10$OU379NbpeKyBg9NOjGvb4.1CKxgY0VMBrv8kgS7vYQURk8b3NtaOG',NULL,1,NULL),(36,'test31','test31@test.ru','$2y$10$bsL/JHefbMK.UJ8./.tnS.8xMj5ymezL2CFkfNjd8LxTPYqBvnDsm',NULL,1,NULL),(37,'test32','test32@test.ru','$2y$10$WD5Z5xCTsiKHhL6UDFu8uuXOXV.7HaziE/kLki2/NrASch72gKYPa',NULL,1,NULL),(38,'test33','test33@test.ru','$2y$10$xjznZNFhdNOYw/snigphQ.10gLjt0IIbthhqAbHaksqNWENRbN8v6',NULL,1,NULL),(39,'test34','test34@test.ru','$2y$10$jd3lgl/HCREU6oyLm2D.wegzTpoInQdlHChr3kH9klOgJ8/EH/w1a',NULL,1,NULL),(40,'test35','test35@test.ru','$2y$10$acKE6cZhO8LcfDpawjxv5e.44om1BU3kCl2BFVDZLKaGV7wa37P96',NULL,1,NULL),(41,'test36','test36@test.ru','$2y$10$DHXzgdXzfaW8tB08C1IDiugHDwPT2nlaPVtDgSyZyi0jD6m.xehnG',NULL,1,NULL),(42,'test37','test37@test.ru','$2y$10$ieWY3qD6C/pBcF7LWGzDpe9kUdi128Stf.lNlVcZLUDkhiPdR.Ya2',NULL,1,NULL),(43,'test38','test38@test.ru','$2y$10$/XgUiFLLLeRVEmAbZPwb7uWShzAlMV0Oz5O6YoWgKujUQr6O0wRe2',NULL,1,NULL),(44,'test39','test39@test.ru','$2y$10$WVk8J1zzRCyAl0HwiBUrheZgGGtz5nHXGAQZ43xpWyUUa0KZHanB6',NULL,1,NULL),(45,'test40','test40@test.ru','$2y$10$9nUexIcxsSdsd99hclcW4uNnACLY5NL12.ro/lNDKm6qCWIVyEG4a',NULL,1,NULL),(46,'test41','test41@test.ru','$2y$10$Roz3fQlq8C8h2dpKRfhzHe3.G1rC3xKS7r7tWj9E7SaGECvCX843O',NULL,1,NULL),(47,'test42','test42@test.ru','$2y$10$VcZVVjMg1Y9uQkYt1XE7RO4OW4WjBq2dxQ7YrfVf8xU2UuybfJgCi',NULL,1,NULL),(48,'test43','test43@test.ru','$2y$10$hQouXdcHcIZwhpAvosYYauLt8T8eeTZxJckQFmtdm1nFPJGjZmJ.u',NULL,1,NULL),(49,'test44','test44@test.ru','$2y$10$KaU/DtWqVrgiw6bPdSBz7eYg7NR8zX2Yvc.s8LrpNDd6xxspz9fgi',NULL,1,NULL),(50,'test45','test45@test.ru','$2y$10$7g43lQYcu1CmQh3okMJeA...nJupPlxTt0wPczRoHZUusT35lsghK',NULL,1,NULL),(51,'test46','test46@test.ru','$2y$10$Vq60Wx06c7hgrj0DYfif9uv7eAEUiRx/GKFrwW56EwOMT7h4KSLs6',NULL,1,NULL),(52,'test47','test47@test.ru','$2y$10$Re1VnCnG2fVttFKuFr/fv.SNdXrKbFPnAGnTLce4eC.weQUyal.Y2',NULL,1,NULL),(53,'test48','test48@test.ru','$2y$10$N/4pHj9gwqRcV9e4wkuMeOMiB.3E.bQhotgcVkxL2Ke2xENxBm7rq',NULL,1,NULL),(54,'test49','test49@test.ru','$2y$10$W9mKi71hXeZE3VXHePGCLOkcjshecC7wanyLhPKjPtniKagtFuNna',NULL,1,NULL),(55,' ','sdjifhsd@mail','$2y$10$4xNABr33ivLwIAD4PjgwdezaBe5dhOuOK3e4sWanZzPMdy/jDsO5G',NULL,1,NULL),(56,'test51','test51@test.ru','$2y$10$e.xOQnx/8nJEq8oJil9pd.1ep5skndDV7iRw.WaZLQI1WdpA7ZhMy',NULL,1,NULL),(57,'test52','test52@test.ru','$2y$10$74gqes34.0ml3Ych8rU0Ee88Xgu.CmsAtOYuih.oZazzYbB3yEAQC',NULL,1,NULL),(58,'test53','test53@test.ru','$2y$10$zHZw9f8Gdf0X1F53N7iUYeC0CH2TDmaczhR02TQOQAjo5IvUL3Wqu',NULL,1,NULL),(59,'test54','test54@test.ru','$2y$10$574XdH.KRcGaTWSzrEEOd.wtghaSFRD3sU6d1FxydB26rVyLCnaVK',NULL,1,NULL),(60,'test55','test55@test.ru','$2y$10$VtvIFtoxha5pvmJg3QEqJOLch.imbX8z9ylx4nYh.ccihIcxmWV.G',NULL,1,NULL),(61,'test56','test56@test.ru','$2y$10$XtSdUcBC.8cxz2WeBQ8MXu15zxKGQt6jb.8i/wEazPyuecmH8zEa6',NULL,1,NULL),(62,'test57','test57@test.ru','$2y$10$5cB8fnkmU59qkoeLSHjMYeQO3W7J7DmSau/BJ8uFiPxfSgnYcjNKu',NULL,1,NULL),(63,'test58','test58@test.ru','$2y$10$PvutWWYrl9oTtZodvT1y/OHTGGtmvngXddCrWn7ZTw3CAD9szBFsq',NULL,1,NULL),(64,'test59','test59@test.ru','$2y$10$6Hs8Od/Nu9OABJnUlgUnteJjIPK2Qg1QGIqWcvfzNXOWpGpjYwfNW',NULL,1,NULL),(65,'test60','test60@test.ru','$2y$10$8OJ8yTxKK.cACsYIkiDyx.UTxY3BkhwoMgO0ijhK9y2IWz4fvPJcq',NULL,1,NULL),(66,'test61','test61@test.ru','$2y$10$Hv93ZZN8qgvmjAF68F7jTOOIxHOdqoja9BCSPZ3mXzZXrS3ID7sba',NULL,1,NULL),(67,'test62','test62@test.ru','$2y$10$apI3AZUtSvgIjXpTj3X7LuT5yuQTwiEtRCaAX5XSzO9S8M8vthWCO',NULL,1,NULL),(68,'test63','test63@test.ru','$2y$10$SNqjeKMz1L9delYcTh447eXJXZi1m8sE6Oh3HGILw2papH46nUI5W',NULL,1,NULL),(69,'test64','test64@test.ru','$2y$10$aVOeG/m8B1LMvSCIfnvqX.fvqkpn8Q1ffsZ1/3FSEAdFHYdzAHYr2',NULL,1,NULL),(70,'test65','test65@test.ru','$2y$10$UBX0X/HTlsMK1LrmDv2uVeSS/fRgWXZalBO/gaOPxei23fbkc/6dy',NULL,1,NULL),(71,'test66','test66@test.ru','$2y$10$R6WYyiGLk50Rifo97jRgWeUlxcU377gVt5rJoNlKKSX3HfMM9lHUa',NULL,1,NULL),(72,'test67','test67@test.ru','$2y$10$v60UVq.l6J57vd8ZJl3H8uHMRjCbkz0kBRR.tPCMCI6KRj0FgwJqS',NULL,1,NULL),(73,'test68','test68@test.ru','$2y$10$fdl2.bEMsGg5SFesHOB5LeCAB2xGR365Rypx68cp5Sefh2NAvVtO2',NULL,1,NULL),(74,'test69','test69@test.ru','$2y$10$UlAvA.ZAxRZVrSS20r80Jeoey1XVn04VQeC0tfOcjWi7QqN54pZ8S',NULL,1,NULL),(75,'test70','test70@test.ru','$2y$10$c.D4KyXlDdj8YpolmMA3ZOx3BUnDkVlk8JileeJbCh1CumG4zHZD2',NULL,1,NULL),(76,'test71','test71@test.ru','$2y$10$G6TIbSPlVXHQXHUO.ZLUaeIcetCXSb6xRqKja2MuntGUUmpRkqSum',NULL,1,NULL),(77,'test72','test72@test.ru','$2y$10$Gd41FC/pINqatT2a2mezDu.xRO2jPmvRb65A4iHqqBgth6ANS5Vwy',NULL,1,NULL),(78,'test73','test73@test.ru','$2y$10$e6rEUz4j0PXcNnl0NN4MmeMnNtCt9ZbL7hTMKKDTNfxvMtBWXaX8S',NULL,1,NULL),(79,'test74','test74@test.ru','$2y$10$HmdlgN2ZM5xfxbHV26fqvO2cSDv2Bgb5cVSHLptlAGLt2irwVBpe.',NULL,1,NULL),(80,'test75','test75@test.ru','$2y$10$3QFgIZU64bFeqxwB7Qlf/e3SwyvB6enUI4ui65R7ctXTtYRgNCXqu',NULL,1,NULL),(81,'test76','test76@test.ru','$2y$10$IFjIICu.mD7d38FrXbtcyeLzGUrMn/uX1pIDcp7kBTgjgZYWmXgA2',NULL,1,NULL),(82,'test77','test77@test.ru','$2y$10$cRmUWFGR8tMU1rF4UzRO7ekYJ22hQP0uS3J03TsB7ekkHWS2x9LJ6',NULL,1,NULL),(83,'test78','test78@test.ru','$2y$10$pKChOkJYtAr6wacLnQGj8.4/7hHTV6OhKYlDiZmHvMT0ZLlt3cAVK',NULL,1,NULL),(84,'test79','test79@test.ru','$2y$10$nclGWmsnK5vnGVFMKNlGXuBwtWQC.WEKComAI2PeD.WHg2hVvtUQu',NULL,1,NULL),(85,'test80','test80@test.ru','$2y$10$teQRgHXBf3IueT9AGYi8iu8jDtNzXqTmzedNVoAMX/xENJGQNSUoq',NULL,1,NULL),(86,'test81','test81@test.ru','$2y$10$zdYlcnIuevRp04btQVF0o.QfRTK3UxgO29ovdclzjZDj4wUVsaPvu',NULL,1,NULL),(87,'test82','test82@test.ru','$2y$10$xidr4PZSBJ30Wjl4P8CoMOglWyy7rN9fyRbc0FQKcMhExDQHMeJvO',NULL,1,NULL),(88,'test83','test83@test.ru','$2y$10$QKF/vojEhFgtAtB3m2jtZuEHamm1lSPLfxFa8gFm7ueJUFzOZ0ONa',NULL,1,NULL),(89,'test84','test84@test.ru','$2y$10$xEfgGmDCmQxDmAWqtm3LGefB1QoJOafT4EQgsOSXMJ7lfiUS9Z1S2',NULL,1,NULL),(90,'test85','test85@test.ru','$2y$10$JNyZNJTtfoczwWdooSqxu./sa6.gJJAGEcNqON9BUxeCEh2g2YuXW',NULL,1,NULL),(91,'test86','test86@test.ru','$2y$10$z1gGTb9r9xUupEoaksM2O.BAo2hh79/xJcorLdGL43qVoBwVfYJSW',NULL,1,NULL),(92,'test87','test87@test.ru','$2y$10$0EXengvc.gCh4EDSyJnmZeprYsNgNv3uN8thP0CpOOleaSHaTqvYO',NULL,1,NULL),(93,'test88','test88@test.ru','$2y$10$Zvqm2D94iFab6W6UgId9L.w/uQgzrV3TI/FXQ0Uz3WzrbIY8LTt1u',NULL,1,NULL),(94,'test89','test89@test.ru','$2y$10$7hCIQyX4QuHC842jqtYX4.y57PmIOBA1z09fF.jliEsGX1C7uln82',NULL,1,NULL),(95,'test90','test90@test.ru','$2y$10$A.m2M1kKFExL8yKHTEXeeelk1zAwzaD9aC24kVMRaDk/L5sofVP2m',NULL,1,NULL),(96,'test91','test91@test.ru','$2y$10$b6YTKTH2G5KPYGQd/HjJPuYdwT8RNv8RV2OetLGLf6Ul9cWFB1Iwy',NULL,1,NULL),(97,'test92','test92@test.ru','$2y$10$pOPxNIV8Ze3f5On2OnO5XukVil8Ruhzvh.S82Bu.w8PhsVzYqjdCe',NULL,1,NULL),(98,'test93','test93@test.ru','$2y$10$AlUqLg9GUOyGubbmlkKaAuFis0pVpVyEb2qUSPzhK7q7PMYFmqMTG',NULL,1,NULL),(99,'test94','test94@test.ru','$2y$10$1LK9kc7zESvUOevZtHK/COsOSgaRWkFSVkbglAZ9tlsevkzqXuTzC',NULL,1,NULL),(100,'test95','test95@test.ru','$2y$10$So7UG9BpH1TDPet82ysVZuY7YLy7lz807tuXTXHtKjXx2DNV6eshO',NULL,1,NULL),(101,'test96','test96@test.ru','$2y$10$hew2MvmKfuM2o337BsXamOyIbhsO8ZXNg1eof4zha8BP55a3PFbZW',NULL,1,NULL),(102,'test97','test97@test.ru','$2y$10$Rl.ZvI3tR3cF63lAf3GxYuzu1D6l6pBu2fv7J3xRS6qpR1wgZF0rC',NULL,1,NULL),(103,'test98','test98@test.ru','$2y$10$IHzGUxsa/wJRbDdi7es.SuNvnPKBQc63OFfswaCu8SOkepjA67jF.',NULL,1,NULL),(104,'test99','test99@test.ru','$2y$10$gXR3BFXpx4pG.wwGaLE4LuHtP0NoiocQ.nMx501eF0lhr1Mw4SKfW',NULL,1,NULL),(105,'test100','test100@test.ru','$2y$10$KDuCRx/VpDmwa.lRBhaEMOPzAO78eaAHxdl17D.01vnfA1UE8031W',NULL,1,NULL),(106,'test101','test101@test.ru','$2y$10$3FUzpMHK.ACJkxv4YnYb4.lSX/CmbZvdXYO1NU5oxVA0dqCfbuTwm',NULL,1,NULL),(107,'test102','test102@test.ru','$2y$10$ddp0yat/B/Mq8tPVzO5YxexFakQX4qKl/rTUpr1OwGlgYIR2wa2WK',NULL,1,NULL),(108,'test103','test103@test.ru','$2y$10$yCzytTLwksEijWZ1vBE28OAQ8kvifHt3sInD.Oas4iJXL.0u8Tw7e',NULL,1,NULL),(109,'test104','test104@test.ru','$2y$10$3jQi95RPZVsgegChzNEq/uylgbUlCFdvmiJ9mZ.uwsvsr264vYhgm',NULL,1,NULL),(110,'test105','test105@test.ru','$2y$10$MSIttvkN96qCNpEyZmDGou1LREhS0SSQwBWw8dfG9GblTqbJvs2oa',NULL,1,NULL),(111,'test106','test106@test.ru','$2y$10$OkOTZxOmii4TLC4IDK/.7.4V6FccYJnyTOW7jW3sBms3ZqgtXipqW',NULL,1,NULL),(112,'test107','test107@test.ru','$2y$10$ga6VO5z5y4DEU0O/hugAp.3dK1O3KZj0AjP6X9DpCLtvJDAkn1GoO',NULL,1,NULL),(113,'test108','test108@test.ru','$2y$10$6MVPiRzpXWTrKOnEZE7mheXl24.Gi.0tWhIgI.XsA8P7epLbmScNS',NULL,1,NULL),(114,'test109','test109@test.ru','$2y$10$8WC0tiAeENY/irSoV8HwqeXWrlm7Kptyt/vliZLooMKkhozc8wWLO',NULL,1,NULL),(115,'test110','test110@test.ru','$2y$10$JIqho6.kSekSywoVUv.fuuYYOBR1XdhmAS5QT2wYl6IaNLXhKSiMS',NULL,1,NULL),(116,'test111','test111@test.ru','$2y$10$xqtpKv6Xs9OC3uio/Y/c3OZHeaA5pKNgfUHaioU4kyp5QyRJ.PcFO',NULL,1,NULL),(117,'test112','test112@test.ru','$2y$10$pf0YYw9YhPlcZnP3qXKs1.4fIZoY7W8jB457CSiWxJBaCinNX8zya',NULL,1,NULL),(118,'test113','test113@test.ru','$2y$10$SlIIEfonuWfzWlQfiFWyz.W72Pr6z4.9K6/hjGL0Z8arbZH466KPm',NULL,1,NULL),(119,'test114','test114@test.ru','$2y$10$TXwte6fDuBw20GHzABkE5OYZmQsn65qBAopSN7czefSmfyf.pIeyW',NULL,1,NULL),(120,'test115','test115@test.ru','$2y$10$6dFyjUMFNPejFHGwqL.0IuL7gOUY32hWyChSf3TsLZpBcAL2Zk1k6',NULL,1,NULL),(121,'test116','test116@test.ru','$2y$10$a5AtSl3.VZuI/X.ftM2ClOK/T7Abu9I6QN4Z8bfl3ZhWtAY1DwZIm',NULL,1,NULL),(122,'test117','test117@test.ru','$2y$10$f/BwLxK3nP4k4d5Af617XOHIaI.lUJAHU6PNI.qu5EuYl1I5vELqy',NULL,1,NULL),(123,'test118','test118@test.ru','$2y$10$O2ng9UWOURn3liNHRnyEF.fAfOXQ0/XX5DGaGJvPbp1qsrrMMMdAK',NULL,1,NULL),(124,'test119','test119@test.ru','$2y$10$M7nnpKbC/Zh5L6KdwmGiS.YbGq/hxK7CgVVJJRDjxYJL7gOEUjKwC',NULL,1,NULL),(125,'test120','test120@test.ru','$2y$10$dO16ANufNBYfl4b7bW7nTOw1qmZ2dm/iAd4qWx7izr0JFVwN3SVsG',NULL,1,NULL),(126,'test121','test121@test.ru','$2y$10$zGz/e41DzYDx7mZx4fU7Euqj.jTxfLzTASOkvuqcZ/8LD1s0LC7Wa',NULL,1,NULL),(127,'test122','test122@test.ru','$2y$10$LZZO4rftYn7fvQ93d3aGBeqS32AUBvSijKT0R36jLE/WTQQXdG6re',NULL,1,NULL),(128,'test123','test123@test.ru','$2y$10$HDMiXCUQ0.Uy2V/zY56cO.e4HGkKJgg4P7minhuKn5G3TNeycuVM.',NULL,1,NULL),(129,'test124','test124@test.ru','$2y$10$Gvizy4tKLZHDhZtiG8I5v.v5eCDmt2/DPzRds3pmhFtoSE1q7ipgW',NULL,1,NULL),(130,'test125','test125@test.ru','$2y$10$ivBvIGCrljnD3dwNnHO2N.fYEudAvAt/9m82UhzIin82Au61r4ULG',NULL,1,NULL),(131,'test126','test126@test.ru','$2y$10$JFWdxMiYIJR8jmf/CS6zxOkuXRCtCmt0/txuWjhus3GTjbEp8meei',NULL,1,NULL),(132,'test127','test127@test.ru','$2y$10$JI8H9R2N95CVJms3bFjQq.uNlv5qhLbuym4uZRz4WWd6pEF9cH5gq',NULL,1,NULL),(133,'test128','test128@test.ru','$2y$10$iT3s51do3KBtJ4ZLmqT9K.20wZHLvLon2d8gmFwX8d8dUfs4mCGTO',NULL,1,NULL),(134,'test129','test129@test.ru','$2y$10$EMr9C7AyxFqYNFsKQF92ruUYQkW0BV9AvVEhOs7zwN6BLePsIrZ9u',NULL,1,NULL),(135,'test130','test130@test.ru','$2y$10$KZKgqBIWKbG3o4a7uqSRoOBcCMNSm9UhUmzU5r5t.6n6cipqailzO',NULL,1,NULL),(136,'test131','test131@test.ru','$2y$10$7t6BsINrMj.1pi6jDqIkW./6dv6K3AKWdDnfqqqVkyg5JJXp9xvv6',NULL,1,NULL),(137,'test132','test132@test.ru','$2y$10$59lNoTx1Y30vvK97973JW.J7/eVNYYEYohyrjzbfGTuil63VF1zDq',NULL,1,NULL),(138,'test133','test133@test.ru','$2y$10$rRCwzn.AAQrbJhvOsbZiSu7ndMbBp4aVeoCSxFdo9BwlksgnWeCea',NULL,1,NULL),(139,'test134','test134@test.ru','$2y$10$aR4PXipsijhuu8zuXp26juG5iwp0iK843OTlRGdO.NNBxW.ShaLbi',NULL,1,NULL),(140,'test135','test135@test.ru','$2y$10$qpYnffLxBw1jPdOamIGVbePWVU60dSTaXIvMy2DnqLHRdV1i0.njO',NULL,1,NULL),(141,'test136','test136@test.ru','$2y$10$4827Wy2/dJsrkrmahue93eg5aEAYWIhj8SDjDEfqbEoDgMeziftji',NULL,1,NULL),(142,'test137','test137@test.ru','$2y$10$T7/O36AntmwfH.FZ7eEujeZDbC7Ipr05Dm9WyLDrKcY/dewpyUuTy',NULL,1,NULL),(143,'test138','test138@test.ru','$2y$10$DNp06Rd7JWIR43NYVlU4JOq0CozdBzx1pUMKfwRD5acFQ7nvY.S6S',NULL,1,NULL),(144,'test139','test139@test.ru','$2y$10$8hmKm7OTrbw7TTq2jK56MO0UA8gvv7P71ILhj72Yz0LfNPpiYqrii',NULL,1,NULL),(145,'test140','test140@test.ru','$2y$10$y5KOWUv4ZOfq41h.EZxjbOryw8fDdIo2uGdbpjNc2ODZDUzW9oU7a',NULL,1,NULL),(146,'test141','test141@test.ru','$2y$10$BMdeNP3P0wwlVivIlUcEe.zsLys/3VBLe7BdpfU/D6BFLYaqKIddi',NULL,1,NULL),(147,'test142','test142@test.ru','$2y$10$jjVTkCcYl.zuKZ9DsfgUJeuQI8PSyu98TLhdaU5SswoU7PkdHMlii',NULL,1,NULL),(148,'test143','test143@test.ru','$2y$10$TguOczahbjVdgqXuwVYYmu1e3xvCdVjvv.ktNXnTmTMIHMjlh/PwW',NULL,1,NULL),(149,'test144','test144@test.ru','$2y$10$nqFzdFzviITtw1BqE9yDW.kuP4PPfctzrH0vnICRWuedKNG0JbW9O',NULL,1,NULL),(150,'test145','test145@test.ru','$2y$10$IdEtmVdIQYjVRQaHQ/55j.qtF5QuF3P6WmH7D.t8n2FU7oqL2vi3W',NULL,1,NULL),(151,'test146','test146@test.ru','$2y$10$oAB3BmBH0yEz24Rux0sOr.KeHnaruxSH6sPMVQ87WXc/A/zURAcxm',NULL,1,NULL),(152,'test147','test147@test.ru','$2y$10$sGAXzqmx0kk/NYfapsnPn.D0XtFmngTX4Y9GAFLZrBFjyDyXQ5som',NULL,1,NULL),(153,'test148','test148@test.ru','$2y$10$kEvn6tj.6NijixNJz6JrFuCr6jXWYkCNFeXQjJ1QqRiEwfHwyNU9K',NULL,1,NULL),(154,'test149','test149@test.ru','$2y$10$cvGa3VKklPbv2H01so9znuPvdB58P2uBqquSjftlsjm.zo3Fjcsuq',NULL,1,NULL),(155,'test150','test150@test.ru','$2y$10$bYU2M82U0ugjVvciqxHft.sB6lVtcEzRrwcFVOPByehyxo9hA05Ue',NULL,1,NULL),(156,'test151','test151@test.ru','$2y$10$xKRT9jYW97LnTq2N77ySIuA8ymd0APh.63kPeR4auBQ0vHr8.eQAi',NULL,1,NULL),(157,'test152','test152@test.ru','$2y$10$in2/KVhjZf6nmFCFwhEEkOZD2PCrXLDs07CNozpBRAhNxx0o9X4p2',NULL,1,NULL),(158,'test153','test153@test.ru','$2y$10$Czsw5FAwdgE22JspG7llBe7y8DjpR0hNm5TtojgYidpngzsuufVGS',NULL,1,NULL),(159,'test154','test154@test.ru','$2y$10$4ybY7Ze9YwnRaWu62UPAUe.FOGItyjE98DByFzRvd1/bKRXQBtnLm',NULL,1,NULL),(160,'test155','test155@test.ru','$2y$10$vPfeEgRV8iW0puyFYXyLIOnXHiIAV4lUdN1e3up2qOd1XvUOPEBce',NULL,1,NULL),(161,'test156','test156@test.ru','$2y$10$W5D1siAV.qIEldzKVBXDVen0Yx7w06oHAHLyr0E0yhYc0rF/rbRw.',NULL,1,NULL),(162,'test157','test157@test.ru','$2y$10$fu0tGN3ox0Ne.ovWRB/aM.Lodij37hwrjpykPQBSrQ0HHT4z0G9nm',NULL,1,NULL),(163,'test158','test158@test.ru','$2y$10$Xaux1h0aBoJd0jIfVOSPHeCMnvVlKXNCYt9ZnuF6OPm9hBpGrCgJG',NULL,1,NULL),(164,'test159','test159@test.ru','$2y$10$GknmOmhv8PWgnkOcAheo9erPsfxZYRC.Toj7lzon0uxPfnUxO2zeW',NULL,1,NULL),(165,'test160','test160@test.ru','$2y$10$VG3101Nj3GCOrgwkqD6mqOgjN/apAR4CxT/1brdyGjL/6ex.WyZFe',NULL,1,NULL),(166,'test161','test161@test.ru','$2y$10$ZWLp6dFn0/ObdHDZPgQecegCdib/lc77mIfP9U4TEB8IevSGFwLc2',NULL,1,NULL),(167,'test162','test162@test.ru','$2y$10$dbuxf0XY7aORhRTIuUFPjOH9YFRyBb2L6fJMpYux5O2/sOuG80Jbu',NULL,1,NULL),(168,'test163','test163@test.ru','$2y$10$dliVmSiID/qoIZn2vIAsc.PHFkwQb1iq9AwmQGM9NFGx9sUEblrTq',NULL,1,NULL),(169,'test164','test164@test.ru','$2y$10$bYhOaH.SH5we4ruVPIN6NeXjo1iN74jrgGnWc7ps2tLCFeTBffyKO',NULL,1,NULL),(170,'test165','test165@test.ru','$2y$10$D2i9N4cIoz58Ei3Z4nVloesqdDHO7iZDMz5/mE79.YMBp7.7HRpda',NULL,1,NULL),(171,'test166','test166@test.ru','$2y$10$QuIP6hhfbKlvgm.YEyNbEe2mTsQs9kl6YD33rkOX6fOJF1pdmeh0K',NULL,1,NULL),(172,'test167','test167@test.ru','$2y$10$eLE2Oj4APCEbKyLTNH4y9OY2DUXMmsRlzbX5wtjw8a534GoeOLgpO',NULL,1,NULL),(173,'test168','test168@test.ru','$2y$10$QoXrXToBlMTyLSVUyN/Bk.ArM2oB5bvpisZSd1IzbjpSt6XcKE.52',NULL,1,NULL),(174,'test169','test169@test.ru','$2y$10$H5HcSrR2RZ/4JplbfatXaeIZ3mtG2CecAg1m10CFE2S9BINg8Ue3.',NULL,1,NULL),(175,'test170','test170@test.ru','$2y$10$EmybQKmXwBYuwlDy85/3C.yFe.JP1ODHyGBSHxRKJOsBsz3kQ1OFC',NULL,1,NULL),(176,'test171','test171@test.ru','$2y$10$gdgEWOiyjEv0VcfWP/Oj1.3Mb8tdaTMy/zweLG4gOy3xFqAMkR7li',NULL,1,NULL),(177,'test172','test172@test.ru','$2y$10$njcdwSLLTCKqnpR4ZeZ5zOkmf4JnpAnnGISKn.0SlcggxqjURUfFm',NULL,1,NULL),(178,'test173','test173@test.ru','$2y$10$3ZDn5l1.i.jmRljuXBn99.QQRNhcqAG8X9ErEslpTdiGQtINP8R8W',NULL,1,NULL),(179,'test174','test174@test.ru','$2y$10$Z81/D6K5AvkzZnJ9tWWEUec/B1VXmks9dSL.02.YIaNtZG2eZW8h6',NULL,1,NULL),(180,'test175','test175@test.ru','$2y$10$6jgqvLZa.ONQ7/NKZiB/AO2Df5DcJZNbQcWSReLQkx4tk5V1fMKAK',NULL,1,NULL),(181,'test176','test176@test.ru','$2y$10$JxoshJGuukMFw4VHlYTAcebcmTqSSfVFEnqTRWdohW7wf74SXotK.',NULL,1,NULL),(182,'test177','test177@test.ru','$2y$10$l/q/7Vdrn3ePWuRq2lKGZ.hcIvWvpCtgkFnZ6KEfEW7rjKcpfn0Oe',NULL,1,NULL),(183,'test178','test178@test.ru','$2y$10$bjUR.3y2Ya.yxue1C7x3kOCjKv69FCRf14k4IvhPIX/yHhBKIxBD2',NULL,1,NULL),(184,'test179','test179@test.ru','$2y$10$xK1GmI5tlcM6nv/XwO7ecugS7LmQDIkl/lvSccH7lPw9UXrYhmPOa',NULL,1,NULL),(185,'test180','test180@test.ru','$2y$10$Hcoovl2EqbV63vWF5aezw.06HA37ZP.AN9f4rMAt6y5wpDH6xTX26',NULL,1,NULL),(186,'test181','test181@test.ru','$2y$10$9eFNaJYh98H23R3P3okJue32fH9J0yHkvtsaUT8UHx3X7ngXnE1W6',NULL,1,NULL),(187,'test182','test182@test.ru','$2y$10$BxvEAHuqM/oTd2O7c/lSSevv7MTmrlPlNwfCuEORDjEIvDfM0hvmm',NULL,1,NULL),(188,'test183','test183@test.ru','$2y$10$zljiNeKCR2yUYqeHx..opOoVIOllocBn1aSA.97JjLtxhQM/OET7q',NULL,1,NULL),(189,'test184','test184@test.ru','$2y$10$m.l5Bv1/fBXo95WP612AdeELleVC8jrRn4Q5vphQcJqkc8.FEGmP2',NULL,1,NULL),(190,'test185','test185@test.ru','$2y$10$LGcBAMad/TGjnh74qmQLou2RLMpbJgXcgNhwi0jmcMSNdC04vGGNm',NULL,1,NULL),(191,'test186','test186@test.ru','$2y$10$a8.YHbJeAECLRETkANDdWOQp.WROp63V9nW3NMTudW.Amt5WAJ7nO',NULL,1,NULL),(192,'test187','test187@test.ru','$2y$10$kI53Eb73av3zUjXs96f4FepsadZLlb7/iQCyBJI/SUU3D/QXLOYj6',NULL,1,NULL),(193,'test188','test188@test.ru','$2y$10$560N19NoSM1WozlMCZV/mOXoUu3ptLhw3yaZ1N7SajH6GrbzcBhF2',NULL,1,NULL),(194,'test189','test189@test.ru','$2y$10$KGK1QJ/EL0qaEdAp7dIMlO.vuAYGhPzlg/9RFkhWVla4Lkhvkrrzi',NULL,1,NULL),(195,'test190','test190@test.ru','$2y$10$7Q18dxVKLeh.SFd7FaKV0etBVVCpDVYK2RZUjGn5dJLAZw0jYoI4a',NULL,1,NULL),(196,'test191','test191@test.ru','$2y$10$ml3mdnJJ7mWWuHjkvGEYxOUubopHIu86DDOGh9V0WIy0fsU4tOcxy',NULL,1,NULL),(197,'test192','test192@test.ru','$2y$10$FI9HX9gUPo5vJAnIxlrWZuK10m8h2YPu/MNqnP9Aq244vdsEfBCPa',NULL,1,NULL),(198,'test193','test193@test.ru','$2y$10$VUX8mvW9VeiYgk5pLt7dy.u71zfbySJGFwCqj53T0b1/k8Q4SR6Ka',NULL,1,NULL),(199,'test194','test194@test.ru','$2y$10$mRONaD/YI6v3RDkBBBvZLu1sK6ck4dEUzsebTLaHTFRV9QgWGVQJy',NULL,1,NULL),(200,'test195','test195@test.ru','$2y$10$4HhYlVq.NBh5YOlofFgZMu9jR3VMbF7LnYAaJj.7VCVlOqeMSv3r2',NULL,1,NULL),(201,'test196','test196@test.ru','$2y$10$pG.RuwuB6aj4wQEze1zcBucFw99SvW.qTCZ4fvMq78a1z4ewMSVoi',NULL,1,NULL),(202,'test197','test197@test.ru','$2y$10$erDTHm5Z7mO2osnRZFdU1eoKqPk8ioii5FrBXr40vT3loAeRFCwOG',NULL,1,NULL),(203,'test198','test198@test.ru','$2y$10$9dp4gZ5c8eMj/ZPlT5sIw.0Ky6ASPG6lt7HauOEDat3bfQxU.VETa',NULL,1,NULL),(204,'test199','test199@test.ru','$2y$10$Kc7JtZNHyw1D4e5N7GLfW.CO8pokP2oWIqdP2Lp.K5edRgdV2czmm',NULL,1,NULL),(205,'test200','test200@test.ru','$2y$10$iWESDsh1eOUmBHEMjNu8xe3wathr3tEUs4mhuejEebs6K4GHO8LXK',NULL,1,NULL),(206,'test201','test201@test.ru','$2y$10$Z3jH5dp99UfD9NW2Y8WileonnvMln5ya9EF0.AhO2.6OFtoZDKN.q',NULL,1,NULL),(207,'test202','test202@test.ru','$2y$10$khGw7/hmfm/MYduaXCeCbe.4ggEygt/ffGWvanum1vS0P5VrOin82',NULL,1,NULL),(208,'test203','test203@test.ru','$2y$10$WGISU6Bl.zU9dE6qW80A2u1HfsCSsfTkC1AuORpVAEIzgbPdaNu6y',NULL,1,NULL),(209,'test204','test204@test.ru','$2y$10$lEOPWpxQbZ7lHl2AUdkMlO6PaH/5WOKEJXwQtn5y.Va26p/s3ieX2',NULL,1,NULL),(210,'test205','test205@test.ru','$2y$10$c8l9rYxVLan70prySiDgROfZQDRHDpcaX1hC/BgYjJ9rHLky.ID3C',NULL,1,NULL),(211,'test206','test206@test.ru','$2y$10$xJfO67f0agyzHj1XAEMBju2lrn89fji7uZDF2k9v5iowdPkCxjO8e',NULL,1,NULL),(212,'test207','test207@test.ru','$2y$10$o5.TmidsTetngEfTc0diYugvywCi2nFFZFPDj4zrnIwH6WnUn8aBu',NULL,1,NULL),(213,'test208','test208@test.ru','$2y$10$Y03E7kaweB.SPSFu36blseWsXxqG2VzT4Hx/RflTxIQodxFCDQmF6',NULL,1,NULL),(214,'test209','test209@test.ru','$2y$10$tSBFyU51Xtd02DcTOFb2rO0oJ76p9rPK/QSSJBNTYnuVsbqA5JM8u',NULL,1,NULL),(215,'test210','test210@test.ru','$2y$10$NBxjQ07mhH2Rkdl6LoBLVeHeX6atQgwAHmjwqSN9tdH7RDVtooKfS',NULL,1,NULL),(216,'test211','test211@test.ru','$2y$10$ubBRqHabeKLEAMbXIGoMaun94kkf//9g21yO8AbmNXk6vytk0uh2a',NULL,1,NULL),(217,'test212','test212@test.ru','$2y$10$nZaWaKKEEDDm28bfKQfxtuMtGL0Y/Ul9yGuHSlUFXUpYhcsT1Mcya',NULL,1,NULL),(218,'test213','test213@test.ru','$2y$10$c0bsIbLkMCwBGZ/Sg8IZbu75qC/zYbXKbeLaJEhfsWNmqr3P.Awny',NULL,1,NULL),(219,'test214','test214@test.ru','$2y$10$tyVHrxLiMaE8/OTwDaAluub/1kElsXu/1NT6mXMheVDgUkzI68rTK',NULL,1,NULL),(220,'test215','test215@test.ru','$2y$10$1W4agQm7fui9TE83bvg3I.dXfLv71xYOMrMB1AcA/lr7VBLaTjx56',NULL,1,NULL),(221,'test216','test216@test.ru','$2y$10$f.oVmMlr0IsQpNg/N.EwdOlTASc/skJs9eKBLZyU0m3DsyDtyqtTu',NULL,1,NULL),(222,'test217','test217@test.ru','$2y$10$IgqgS3VPGdls31NO/1zx3uRJX8mk9AWfDvSOlU.N5YCEGycS6tWmW',NULL,1,NULL),(223,'test218','test218@test.ru','$2y$10$.wooKFpChUdd.d/xmgqXY.FTcpx2GJ9QLUox.MnGVBZU/MAWnQJd6',NULL,1,NULL),(224,'test219','test219@test.ru','$2y$10$7flUzDFfAqm0ShJb19yy6.6JceW3jm3EkUSOSFczBpl0H25vlm.ve',NULL,1,NULL),(225,'test220','test220@test.ru','$2y$10$7HaooOexXSlj53PdNQpWquDlA1tpRQxgjZ3Zbh8rClNBiKBC0WlY6',NULL,1,NULL),(226,'test221','test221@test.ru','$2y$10$QZ5blS9oiRZX1.AiTSA0AOIGmb1HZECyxkgvx0/V3vNZzWhSpxb6G',NULL,1,NULL),(227,'test222','test222@test.ru','$2y$10$6BFTAe95Y7Z7Gk55Zq4U2eQt.UBUsNu.BwZRh.ii5wkKUyTLkv2V6',NULL,1,NULL),(228,'test223','test223@test.ru','$2y$10$uAL/VEtnOGJKEBym2r9/Z.zqvOtiA/zJrCTY3wXPECV5AtslzYCeW',NULL,1,NULL),(229,'test224','test224@test.ru','$2y$10$EB.Yy6Wp5eRcbyJ7ht7kjuw2jWSAhEOJdZJ/boV6gSKlb6ezi9WXS',NULL,1,NULL),(230,'test225','test225@test.ru','$2y$10$ki5GvmmxiYxqF.WhZu.pa.nzee0grKglTOf36GdQeVmyQYF2.Ke6e',NULL,1,NULL),(231,'test226','test226@test.ru','$2y$10$NBAnFfIAObBg.aDsM94OnuNumAqyPRS6PtM0nFlyxkjva3f.NjJCq',NULL,1,NULL),(232,'test227','test227@test.ru','$2y$10$HwRzuHEDph/jTQvY0mwv4.MbbPXKcxW2i.jBOKd0d23oOPlg5UBnu',NULL,1,NULL),(233,'test228','test228@test.ru','$2y$10$3mTFrQ9Sib7xRN5.tSnS2eXWZG.AiigVezR6dfH3OZnhaXVRyk40u',NULL,1,NULL),(234,'test229','test229@test.ru','$2y$10$YTI6Uxst7h8LpTskenjH9OpPt7FhHkMjkSmp3MqAhzUeJSjh2YbhC',NULL,1,NULL),(235,'test230','test230@test.ru','$2y$10$TLzcGXw00PhZr8yrfBucQ.a91ZTA8iWxspJJV6dGZo9V628r7V4Zu',NULL,1,NULL),(236,'test231','test231@test.ru','$2y$10$bBs9L0Mg.xJE1eP37vVIu.JzCDLjbYK.6kwsfmGYbQsPh.rLAp4U.',NULL,1,NULL),(237,'test232','test232@test.ru','$2y$10$IBl5NwajrpdK5JRPxyn/gOOWFr.vO9grf7dmdPHE6aQezN6NnmlqO',NULL,1,NULL),(238,'test233','test233@test.ru','$2y$10$qVG64.Mnwzu0cWnubgNNXeUzTTIFA8Y8y.o4/lwmMhaofW4c6Dq/i',NULL,1,NULL),(239,'test234','test234@test.ru','$2y$10$q36oC3c7l/mpUyNJUQtaBe6qrmbKGl3PvfsAInQdSzwka30Ywh4GO',NULL,1,NULL),(240,'test235','test235@test.ru','$2y$10$WIcE2iRXznb5A33Y4lh7EesK7l6v5RjEi5YVwcFa2n44UkHx9QGFG',NULL,1,NULL),(241,'test236','test236@test.ru','$2y$10$vT9o/dYM34KJr6qr8542t.jP7KjuE.5faBn9pnDkAcDbz2pQPuya6',NULL,1,NULL),(242,'test237','test237@test.ru','$2y$10$ZRlxv3Bis9.VABzfh6Y8Ru3e.nAV66IoqdA7pANJUbpIKanFntA4i',NULL,1,NULL),(243,'test238','test238@test.ru','$2y$10$zGrOZXEsrB7WHdTIevzZSeJIZyMufA6y2atXGqXqMCIPRQuyRXvw2',NULL,1,NULL),(244,'test239','test239@test.ru','$2y$10$x13gQAomPlFEnaG9iQQ4feLy6rD8ZCsGEUTDou9bN7vBKufHj/2JG',NULL,1,NULL),(245,'test240','test240@test.ru','$2y$10$HdLzmCsGjlpI44sNVPFGpeTqN3vAYukjh1R6Scvxi5FoV0YZiWL5y',NULL,1,NULL),(246,'test241','test241@test.ru','$2y$10$7cUG5N5gaBOyCmpAujz4N.YJmbpz3LDWwE2mVjNoQgdetmWZNG5yu',NULL,1,NULL),(247,'test242','test242@test.ru','$2y$10$42owNPG6fp4N22fkSQN45uGGccmUAAY75Hx8G78QQkQHccwBLjXjq',NULL,1,NULL),(248,'test243','test243@test.ru','$2y$10$bLe86EUBROoLC4gYJawW4OtxuZJYruqWrCVhyRjaDB5q1aBAt7KIm',NULL,1,NULL),(249,'test244','test244@test.ru','$2y$10$Bb3Y3WCejUJlUrU0/CB6HOCR.H54ytdjEp9Iu9oos6lDIzK0cu15W',NULL,1,NULL),(250,'test245','test245@test.ru','$2y$10$4vJC8XKiNAEJdQXgPrmG0.QomMgWRiL3edRxdynjG.iYmYHx8FUty',NULL,1,NULL),(251,'test246','test246@test.ru','$2y$10$SfkCvgN/X0ywksZnIVU.HebhidHkRoXFNhoQ8uRO98OnzyaeAUmXa',NULL,1,NULL),(252,'test247','test247@test.ru','$2y$10$fJlLj5lqd57aISMvhIWHWeifwvwIuz5/HSD7dGW2qCKfsSXqpJItW',NULL,1,NULL),(253,'test248','test248@test.ru','$2y$10$EqWP06dCHPG6rEdB7CiRveF/XYeeF0BH7HeZzAhy5ZErnXkgwaquO',NULL,1,NULL),(254,'test249','test249@test.ru','$2y$10$J0X9WRhe/k9PJNWOmHSNbeyCoH1WxZrxNVUX/JVBvm7Ev77IXUCP.',NULL,1,NULL),(255,'test250','test250@test.ru','$2y$10$NA34kviGVu/aUKTY./zmGeAjGFpzOB.nX9jYv5Ed/tTK47e0AA.Ma',NULL,1,NULL),(256,'test251','test251@test.ru','$2y$10$4F.ewm3iMXb7HbOXbICZve3MmfyCk..O3SN0BrXVo3YxXH07GVkNq',NULL,1,NULL),(257,'test252','test252@test.ru','$2y$10$e7vacP9zQzy/yYw.1/yDzuisrFuImkBQwo4OcER5iRp88hKvGhQ4y',NULL,1,NULL),(258,'test253','test253@test.ru','$2y$10$uJQ3gul8CmtBS3qabpizVue7dpMSCf8dVl90acOxSrGZ5RCyznQ/i',NULL,1,NULL),(259,'test254','test254@test.ru','$2y$10$pjL68BV1.qXk6Yv0/h2iteHQdS1Uj7qb8C.Mk.oNm4s5IOwyJqdZW',NULL,1,NULL),(260,'test255','test255@test.ru','$2y$10$dJIzH.0qINhFJmKZ.4fBLe.najiGx1by8tyXSJsCz8J5NGF1FOcFO',NULL,1,NULL),(261,'test256','test256@test.ru','$2y$10$hCxFBoXYwcXu8w5G3EpNLu3cboOyr3PxiqNvds9VlCze0u2VvK22S',NULL,1,NULL),(262,'test257','test257@test.ru','$2y$10$qgi2Q4YfAWVFA4CURaUOF.qytBFQowOUsquIApyF3.Tw4vTsMUBZu',NULL,1,NULL),(263,'test258','test258@test.ru','$2y$10$Xff8ZFyYBkPryBhCci.o8OVxPGaJ9eIIBOR3CNNpw0jGFXInqqNJ6',NULL,1,NULL),(264,'test259','test259@test.ru','$2y$10$PJP7d2ZqmHPYGlx8n6rNmuN41e7Wnda6R9wxFCl5ExPogASR.B1TO',NULL,1,NULL),(265,'test260','test260@test.ru','$2y$10$qp6QRaupeLehSid9Dejw6.qEee53xjDmT6nQ3RZZUrb3Uf4lf5arW',NULL,1,NULL),(266,'test261','test261@test.ru','$2y$10$ZZqGCkQRpmzlgUWTLLg/L.1NW1yZbG.BfwSvbVstVqBTNziqTO.Lq',NULL,1,NULL),(267,'test262','test262@test.ru','$2y$10$xh3CfLch5LoqM3ngTUICaO0aa99HZJ3Dc5HgVOPi7LSlNrPILJQMK',NULL,1,NULL),(268,'test263','test263@test.ru','$2y$10$iLatVRevEUOHoydBcHBsa.WcXe7xiPRvZRdhmTJO8DmKYKPf8befq',NULL,1,NULL),(269,'test264','test264@test.ru','$2y$10$aNTRKIrQHzEbywQSrhwsQul4zcZgNgsGk85CkA17TbkiZ64IqGLEC',NULL,1,NULL),(270,'test265','test265@test.ru','$2y$10$vP.V2bDFm0bXA049ctFubuXI/vfeAC77hgEYQhQj3Rk2CA3uNej.C',NULL,1,NULL),(271,'test266','test266@test.ru','$2y$10$7mmvmSvb0GSOU//D7vim2uyxMBY9ddZKxDsBIUCgxMRNi1bc1pjN2',NULL,1,NULL),(272,'test267','test267@test.ru','$2y$10$UlL3j/gNMCwdBTf3yL0JfOtPsUAW6EabYMuKDwUW5xA3.5Wowkjca',NULL,1,NULL),(273,'test268','test268@test.ru','$2y$10$qt2swj3gPBEcxuCYVwiDiObUbMyBVTHd3BEUzDi04VkViXMxxFwE.',NULL,1,NULL),(274,'test269','test269@test.ru','$2y$10$p60rA66cqAmMo5458PYCROfpVN/y1BSE6rkonUeBeENAufgKhwaqS',NULL,1,NULL),(275,'test270','test270@test.ru','$2y$10$6vC9dqMAmDfF1pRjuQVQ5OnNa6PNe4x.Y6pOfpF7B/OeZoKzIXgVa',NULL,1,NULL),(276,'test271','test271@test.ru','$2y$10$3nOF3IZXHgB3bPntO.LKEeXnnqwRkhDzqipDThqB4xn/lhNfj1Bne',NULL,1,NULL),(277,'test272','test272@test.ru','$2y$10$w/yQmIGS5SN5i31QYsvoTO5tuZbVskxcqRcdw..6nU.BPjEDKtOm6',NULL,1,NULL),(278,'test273','test273@test.ru','$2y$10$31TS5xsFeN53983/lJjpreOaSqcG.wcIitHhO38P/peR6WgmYpxkW',NULL,1,NULL),(279,'test274','test274@test.ru','$2y$10$WxSHds13yefQffMNAKgOpe3MVwfCkgaNEOH.RIYvrqHJ6LfZB7dOu',NULL,1,NULL),(280,'test275','test275@test.ru','$2y$10$bc5BZH6ai9RQef7dD1EL2.VRPB2sglKN4CjRyMIYpcXuRqYknG9wW',NULL,1,NULL),(281,'test276','test276@test.ru','$2y$10$GG/VX1PJ65HvPg94JhDAjOAYQld7l62bd4OiUyrAMl5DdK/7uRmcu',NULL,1,NULL),(282,'test277','test277@test.ru','$2y$10$e8pFK1IW.8pjF9nzfgWYXukBmwKtX6s.49ofqfDeGeLa03mnHsNkS',NULL,1,NULL),(283,'test278','test278@test.ru','$2y$10$fk56N7YrmXS84ukHaW0HbuD0QON0OOFXh/ndMySG0UU5dhAA.u9WW',NULL,1,NULL),(284,'test279','test279@test.ru','$2y$10$.md1CImHTpblx.EOfP/JZeUbm11jQdyYs0JH320A2Zf2vy3udQztq',NULL,1,NULL),(285,'test280','test280@test.ru','$2y$10$8bk7hWGnKvZvCPZLkYZ.KuP67tPn1Qy6WClBXUEMZx7MgTaQcWeWe',NULL,1,NULL),(286,'test281','test281@test.ru','$2y$10$q8VloCX3yKf0LVTCQ6QNN.IWhoLVTolqDLHt/G6l/MdMHog8dk9TC',NULL,1,NULL),(287,'test282','test282@test.ru','$2y$10$xaIPfT6sy4MqsdVbf5kZFOKYchumuu/y61RrasjETuNAZQ0BoIeDa',NULL,1,NULL),(288,'test283','test283@test.ru','$2y$10$0ncirTyKmWr6sHeKWZn64.Jo31y87H.6ztCWUCESo3YsjtEiCFZaO',NULL,1,NULL),(289,'test284','test284@test.ru','$2y$10$KVGe8ckCZgF00d6jjzMUxua2YMNOirDKeQSBH0L1l3/axFJPkvhG6',NULL,1,NULL),(290,'test285','test285@test.ru','$2y$10$1/EkWZqIVR/xSQzVPcV2LePZiSI0t5eD5U1FJ4DZON20Dal09vkrO',NULL,1,NULL),(291,'test286','test286@test.ru','$2y$10$kR/I1Zpo/qVX2f29tIYA2ugpbmH.c.YZwBfZ0KzupQd76I1sQU63i',NULL,1,NULL),(292,'test287','test287@test.ru','$2y$10$twlWNxwVaXYGpE.ooeuw2eE3aWT3DDkUvq.BvQQsGh1zI66lnMlU.',NULL,1,NULL),(293,'test288','test288@test.ru','$2y$10$oRgVQXO9D4glbRnkdccVJuwOm5NT7wlkC70dqL5pqY7aMSMseIfna',NULL,1,NULL),(294,'test289','test289@test.ru','$2y$10$N7DsEjg7VN/j/SWskMes..qahWn/jx26FEoUtsEnmk4slBJk9N6WO',NULL,1,NULL),(295,'test290','test290@test.ru','$2y$10$ivYQqBZxOYROolawK9Laq.vtnTMLwmBOs8VT/H0gqlLrUY7HI3RYy',NULL,1,NULL),(296,'test291','test291@test.ru','$2y$10$pz1jgEpdVFD4L9d/hANBC.tI3yLQou.Hi0tkcHu724FU69hIZRskK',NULL,1,NULL),(297,'test292','test292@test.ru','$2y$10$35afHjqngTHaiTgS8giEI.2Ryzu0NdGBawjg3baZX01mMFRGSl9eu',NULL,1,NULL),(298,'test293','test293@test.ru','$2y$10$5peXAbVY2Pz9LKFIqu4Me.Mmup9oMSv4HDvoUG2FmrU0jl7QpZVEC',NULL,1,NULL),(299,'test294','test294@test.ru','$2y$10$HmfCfJfxlaeoo1l80bkHh.jTu0gcJBk/rwoYweTx/QMHFjTLOqAx6',NULL,1,NULL),(300,'test295','test295@test.ru','$2y$10$fvQla/PGzhgts5/OlHG43.GolgnxluyN0v9eNL6lcHW8GFdYlYRDe',NULL,1,NULL),(301,'test296','test296@test.ru','$2y$10$CYsrSe2B9E/XNeqk9grLqez4dVUS6oSJl45Q.W3q13YQkqEhD5RQW',NULL,1,NULL),(302,'test297','test297@test.ru','$2y$10$NjvZLZvtbL5mHyeMH.tulOf5HSWEwWeDYL26MwHZVaxtAsNzjNPO.',NULL,1,NULL),(303,'test298','test298@test.ru','$2y$10$dUmLpyx0rOE/nr/q70vgh.ra/vyYFmRS6bRa.xtVmGRYsM57C/UIK',NULL,1,NULL),(304,'test299','test299@test.ru','$2y$10$GVzejebDzS9qkVy.8YrOjexTnHQGxUbLrWQYNZwbjIYynWT4FXLlu',NULL,1,NULL),(305,'test300','test300@test.ru','$2y$10$YoE6Id5a.2vQIMpiJHMpD.pdnPdfy0q9AasTMWp20emaXvqIwio4i',NULL,1,NULL),(306,'test301','test301@test.ru','$2y$10$RR2F0ExHzHIRIIuBvn9MoOL5MihfSZYgrJoVxGwo6WsSCXOS4hn.K',NULL,1,NULL),(307,'test302','test302@test.ru','$2y$10$mvm6r8kpzL7a49w/mRmOveKYatVWhOZNYkdz3VwDLgHmk8nKaGfzG',NULL,1,NULL),(308,'test303','test303@test.ru','$2y$10$g9KXhKtJK2JjtUQ2.gfdK.CDt3N1CpRmcFqhsqKjTPmxM.JwMYKPe',NULL,1,NULL),(309,'test304','test304@test.ru','$2y$10$9xxvjJfVWWMlXCvYhO8Lvu/zEUMczoG22oaXMIohTU6ojFtcMThdq',NULL,1,NULL),(310,'test305','test305@test.ru','$2y$10$SGhDTWOjvg//92prC2wbseJ/OXYJxONTT1oEGnTcYPlsdx45X3rES',NULL,1,NULL),(311,'test306','test306@test.ru','$2y$10$j58.XD/KCIk32wxphXsqBeFiU/SVcbMYYZMYoLqA29v.ClYAo5Z.a',NULL,1,NULL),(312,'test307','test307@test.ru','$2y$10$yxsihVgLWTuy0E0OCZpXLOKYPYDDM2pE6.uDkHo.zIlq3PbhgerIa',NULL,1,NULL),(313,'test308','test308@test.ru','$2y$10$L/lukhizHl7OEVHER4vWEujDfLcn/W2cYPscUGA3kbcjU0Lcir2xK',NULL,1,NULL),(314,'test309','test309@test.ru','$2y$10$D87slrCPw2F3LUnCuw8TMevEidmWEa2LBtPOkXt.GENFr1wDL0PGW',NULL,1,NULL),(315,'test310','test310@test.ru','$2y$10$WTlwtKIqhMIFkpr.BU3u1e/ywiLlP35llwRTLI1XjHQgnde5Pk3FC',NULL,1,NULL),(316,'test311','test311@test.ru','$2y$10$akKh2u1aoutvwzb/Apl97OtCiGgmZu/hziLoI2y00YE/pPaeihDhO',NULL,1,NULL),(317,'test312','test312@test.ru','$2y$10$RGnmot3oTBoU/gd9yivRdu1SakN1NRecY2L04rXqQUUD4g8A.mQQu',NULL,1,NULL),(318,'test313','test313@test.ru','$2y$10$akXUCk2o3LGbDkxukIsdr.SVpS6YHdAnXIRfLElMg3NzmQ1GnK4xi',NULL,1,NULL),(319,'test314','test314@test.ru','$2y$10$x4YJVL984/LH/YckVmpJNetF9EFL6u7YsPBDOSzv5RkvwgkDu7vzi',NULL,1,NULL),(320,'test315','test315@test.ru','$2y$10$QTxL5sazTbb3IIQliT7eS./HD/hxwfF754JD/afLMkExPEkmE5jDS',NULL,1,NULL),(321,'test316','test316@test.ru','$2y$10$N.fLQ3OBpK5JsdYGz1QdxOGYvHVPcEZkQG7T2Dp3xqlUFxK0RRcse',NULL,1,NULL),(322,'test317','test317@test.ru','$2y$10$RYDX86G2MY/zH0e2f2gQK.9hphujS7aXoga9iPSglE4Nxh4Bs0avO',NULL,1,NULL),(323,'test318','test318@test.ru','$2y$10$gYPooPuvmDK3FrHiGrsV6evnE5B1O3t.mf5YE6oW35HNGjISo0Vri',NULL,1,NULL),(324,'test319','test319@test.ru','$2y$10$6OLS2lsO8Ro7XPRxybN5SOZc/wpnbQxXjzYxUfyD64Adns/WNLgty',NULL,1,NULL),(325,'test320','test320@test.ru','$2y$10$UGgASDTkk7Ax3T9K8ewO3.0zUqovKjR7GYlrDZbFmrklVTTVFdmEG',NULL,1,NULL),(326,'test321','test321@test.ru','$2y$10$o11429YxAnjofuzKUvTuCOOKkfkyzh75WWVrGiw9QX9g98xLX726y',NULL,1,NULL),(327,'test322','test322@test.ru','$2y$10$My4dFXDfWQz2O.Op8fcEAuuQC4nINqQt0l7TKxzqQ4vtT.KGV361i',NULL,1,NULL),(328,'test323','test323@test.ru','$2y$10$km5drP5yHWWeupkDqNifeexI7xF7NIzgVa1n6M1P038uQB5yI3QEu',NULL,1,NULL),(329,'test324','test324@test.ru','$2y$10$DFXidXQQt60/AswEL.ouHuk713OPgsGOlpSoBrg.dKinn40CBb/s.',NULL,1,NULL),(330,'test325','test325@test.ru','$2y$10$sljhtm3HSQCH0nbM1HhL0OlowZE4B1h9bNFAUqMUsB8wCu.1q6vKi',NULL,1,NULL),(331,'test326','test326@test.ru','$2y$10$ipU2TPTOzqNWR0pp53Dc5Or8zVLqXkUAx6NZZ9X4Nc0k2BuYUIxQG',NULL,1,NULL),(332,'test327','test327@test.ru','$2y$10$UMJ2kMrgKC3o4/e.hBsRruC9yxvI.etEq59edc9AaVSnIJw2Skxza',NULL,1,NULL),(333,'test328','test328@test.ru','$2y$10$EieyBlT0tuha5zbPhWydkOyFJAb/I696BfCpFyZ8BPHUEIewYnjQu',NULL,1,NULL),(334,'test329','test329@test.ru','$2y$10$GVfov0E5Y3otW1lBOZzDXedA1Hqt4OQdTLLU9VhN9dzndkxRgQnT.',NULL,1,NULL),(335,'test330','test330@test.ru','$2y$10$z2Y2kOmGt6FKGUN57/nXSug6fRXLkrW6GMuNJllORo9YrSF5h5mVq',NULL,1,NULL),(336,'test331','test331@test.ru','$2y$10$wd6JCJt46Xa1//azPjqyserdHYtspjEJvTAfe0bRrEaXgGhSHvOg2',NULL,1,NULL),(337,'test332','test332@test.ru','$2y$10$e/9te6Fm3KAAEORHyi56x.GYRxXAl0vW9STlVmiVQ5Pk6edi1gNce',NULL,1,NULL),(338,'test333','test333@test.ru','$2y$10$OSXF/xsIyjK9ySKG4LAuOutOT09VX15ekBAIxKojDGRS058A3pmS6',NULL,1,NULL),(339,'test334','test334@test.ru','$2y$10$ISD363KIXKTucceMaIN9quppJ1AyQPO4cRbZzd95Sh5zqFHPXCjU2',NULL,1,NULL),(340,'test335','test335@test.ru','$2y$10$PxaypWmhSY10yzCwrXvqceFwCXzhie5tToUvDlwV5tns6pSxyDeHa',NULL,1,NULL),(341,'test336','test336@test.ru','$2y$10$yFGUMWgkcjbj/47itrAfber07ea/NRaU1Uh3fGrpCzlup9ARwYTW2',NULL,1,NULL),(342,'test337','test337@test.ru','$2y$10$x2ouLT8gtn8vLHy74EwmneGMGyfLrBw2zpqhDtqIWzjfDzpc3LmFW',NULL,1,NULL),(343,'test338','test338@test.ru','$2y$10$ogPyLl.llOAkhFJ60ID2F.NCepYySNii.H/FEZh1OVolKr9JItGZi',NULL,1,NULL),(344,'test339','test339@test.ru','$2y$10$alTytP9a8aUZjyVWnBns4O9jBwOEJWsIvH1XQVdEWgVgtmYRY3lwC',NULL,1,NULL),(345,'test340','test340@test.ru','$2y$10$.8vW7iJp5Kv8lIEVs/m7L.HUcwc3xB8HOOxaB8PmZZh.hjBty2/de',NULL,1,NULL),(346,'test341','test341@test.ru','$2y$10$jLj0.ZUmABy0.9R7LtMLi.JE5xVInaUkuI6SK8DJ3UB.scLYJMsnC',NULL,1,NULL),(347,'test342','test342@test.ru','$2y$10$Erq3P1mWfdcIgRNITrtU5ePIV9PCrB200CwuFR1m1b6cZoRFp04.a',NULL,1,NULL),(348,'test343','test343@test.ru','$2y$10$/xgIWDMZzFCX/72VNJWQPuTaHoCfs8xCVzPl4uHo50agnl52xDfZ6',NULL,1,NULL),(349,'test344','test344@test.ru','$2y$10$uT5KubpmqVzmNtKywUqybubfMiKUKSYG6K8qYAC4VqpipWNqD29dG',NULL,1,NULL),(350,'test345','test345@test.ru','$2y$10$KCOg9THB./eDtNKSq15C8OxH1WSSPxcCJ.2doiDCjT0IcoHjOE7iC',NULL,1,NULL),(351,'test346','test346@test.ru','$2y$10$tAhfSf3Ppam4Lit.AEWEBemmjw1m8KyN5T6sf/zVYKTCiEIbDE93u',NULL,1,NULL),(352,'test347','test347@test.ru','$2y$10$bD1a7yA3t5faWvFtaP5VDOAFyyRqKC1PVYTr1N8mY5V9ykxD4CU2q',NULL,1,NULL),(353,'test348','test348@test.ru','$2y$10$.JCO8.6j74w2pKEJFduVxuH6r1RnpX6U1kf10UswFpH3dmk17Z59O',NULL,1,NULL),(354,'test349','test349@test.ru','$2y$10$ABk2sVdUh0WZQdS0jAmwouFbmro2PT6emGDqB7aaMejnZC9cVPznG',NULL,1,NULL),(355,'test350','test350@test.ru','$2y$10$UntfGNozyal5ObPGaqxZROot1us4yrcwAQHzIkExRfpHwnr2fKkUy',NULL,1,NULL),(356,'test351','test351@test.ru','$2y$10$7rNbbvFA2Jskxx/4eRHMX.m4QiZzxlCor/l7KPhH4p7JNeiStB4Hi',NULL,1,NULL),(357,'test352','test352@test.ru','$2y$10$QIxOkTb2Z6nav/UxX9t9he8Xa8aiR0mV8WqIho9QsEBJjVACl/olK',NULL,1,NULL),(358,'test353','test353@test.ru','$2y$10$C2mjg0MhCQBFo0VKuk0nMu./RFCcZLFGGL08fpqZjPOUJeZYpoFI2',NULL,1,NULL),(359,'test354','test354@test.ru','$2y$10$9y1Z0WFCQSW0dSxNn2mCGOvdnc23Gy0L0SPNy7LGzrM4UgeAMo9tS',NULL,1,NULL),(360,'test355','test355@test.ru','$2y$10$b3wwmW7UhnyORH7Y1wPZGOqzuA3oYTmqHMzGrBIa.qvO7poOEHjQ6',NULL,1,NULL),(361,'test356','test356@test.ru','$2y$10$wV5dKPDMpsyEPD.dnct8qOU0D/K6k6zqkQGhCxzggDFw5cMgydRf2',NULL,1,NULL),(362,'test357','test357@test.ru','$2y$10$jdA8mafIIcAbQqpB3seKXukPHWKYo6pw1qyFKh3vXJP7.GocxrtQe',NULL,1,NULL),(363,'test358','test358@test.ru','$2y$10$dBKmvvQaAyITBcjye.hqCuSNwWKPzK3T1CteFwQuTzvG9MWRjaRxm',NULL,1,NULL),(364,'test359','test359@test.ru','$2y$10$6BIaaE/WsW2tgKESQQ/JjOQ4DzFpUF.AmOkFqnt6j9UknWv7DOIKe',NULL,1,NULL),(365,'test360','test360@test.ru','$2y$10$rXY3cCj6MXNSLR8QXK4Fxe2ytE060/874.n3Ki3TuLi4SJuZnt9sK',NULL,1,NULL),(366,'test361','test361@test.ru','$2y$10$YEENDj727pYRFwNJeQYCE.IRlIEEg5.SJQf2TISZ7soASQq9l47vC',NULL,1,NULL),(367,'test362','test362@test.ru','$2y$10$tkcCDQj1ufEtaNlBcrSnd.L9aZ5jybONswliuiXXVGRqDwRJoVVXq',NULL,1,NULL),(368,'test363','test363@test.ru','$2y$10$puTYZ3B.vF6zrczGhkGXeO2ozQxzl7wr0DV6mZWrMa32AGwPKIzCG',NULL,1,NULL),(369,'test364','test364@test.ru','$2y$10$gX6UnZivjVEsgcAWfHlTouiTd3P2gW.COxAaiQVQAyiV/PxiONBHa',NULL,1,NULL),(370,'test365','test365@test.ru','$2y$10$gYxDp6okgXS2iDHZmdBdXeLkF7qhd5rXFbb0KvyDSr6sqYE1HZlJi',NULL,1,NULL),(371,'test366','test366@test.ru','$2y$10$J6sLrHfp8KxjLB8aNMFBgeJjgZkcHMc1Mv/xfvSUgzIGQvgTkRqMG',NULL,1,NULL),(372,'test367','test367@test.ru','$2y$10$as6iaynNLoS6mV9N6irubuqPc792akxJ7580lFOf8Ub9lD.MRJnB6',NULL,1,NULL),(373,'test368','test368@test.ru','$2y$10$OBNflE2DZ2WoWaKpYeDD/.K68lp/0SjohCVQTeb71jzbMBPrJP60K',NULL,1,NULL),(374,'test369','test369@test.ru','$2y$10$mtPhO8RV6AuVEk1QQaEno.12xAe43I.6UJ1WV1eaVWR1cID7ON6s2',NULL,1,NULL),(375,'test370','test370@test.ru','$2y$10$Xn6UIiH8wst5nQMEi9/YJumbJ4TAPVNoDKUxVlTS91hIV8LUBa5jq',NULL,1,NULL),(376,'test371','test371@test.ru','$2y$10$muNoPCkfroDQYJXuNr5uz.1oEU6DadLfmfQV1S/ZB9YTZ3rIzI37G',NULL,1,NULL),(377,'test372','test372@test.ru','$2y$10$EyaQ.TIInSp8HpFCAsGVn.9IzjeaTkte9NKdLO5FAtpkC.66n0e0y',NULL,1,NULL),(378,'test373','test373@test.ru','$2y$10$nJ8c0ZXsmC7KYyTgZrz6X.WPnnIeNjl6v.ZeOIGLCU.unmEdXVm7W',NULL,1,NULL),(379,'test374','test374@test.ru','$2y$10$JGB1gCOQPk6MPXX6zaNYhO/384i6P9u9HREDqT/Fd7Blk1C7Hm6ve',NULL,1,NULL),(380,'test375','test375@test.ru','$2y$10$U3fIqtjBEJQJZiLFXA1GWeX.OrXPz87J8SgPlc1DqoVLiw.yzJ6vK',NULL,1,NULL),(381,'test376','test376@test.ru','$2y$10$zZ9ZTcCXfGK7HbJe6C/JcuIea/aJNuf0v93Mgttytp08hnk8ywbpK',NULL,1,NULL),(382,'test377','test377@test.ru','$2y$10$rwe4Wu.JFbm2I6nZrbVocus4X8seeWPOnZGSIwY1Gyq76COL0uTAG',NULL,1,NULL),(383,'test378','test378@test.ru','$2y$10$H7G.TK3SoJt52O8uAzSHfOLwkjps3Qpn2Y7HaMRd5B5IrCoUzNdNO',NULL,1,NULL),(384,'test379','test379@test.ru','$2y$10$.AvhdW8AOVxMeN/7wFeyruEXD0ZbqOm1/E4xcNxd3jzr11oJ630uW',NULL,1,NULL),(385,'test380','test380@test.ru','$2y$10$asGXMX0lSWJUrGWDWad21.IfoiUUCzSZfusZws6o7GHOk1iK12O4i',NULL,1,NULL),(386,'test381','test381@test.ru','$2y$10$79C9VRo6eBtrSqfYiBTN4eJL8IQ5P.IZ28jSNBigIVHpZs93yzmJ2',NULL,1,NULL),(387,'test382','test382@test.ru','$2y$10$ai95apo/Uoo.TQYgx05thOEC.epx.muWyQPzCjskAyYK3yz9gSGVu',NULL,1,NULL),(388,'test383','test383@test.ru','$2y$10$lDkueLEmbcyL4QasWryw4u3mj6yRP1Q99k0rN5QGOUUKcmKHeLGyK',NULL,1,NULL),(389,'test384','test384@test.ru','$2y$10$9xpmPtqlwWCRaX5Ws9hb7.3vyWX3Wsy.pelEy4D6ACeIxXZcLj1Ra',NULL,1,NULL),(390,'test385','test385@test.ru','$2y$10$ND315DUlhYKq2ZfAxkSAzuszyupvCWt2n6k4PfgEejb6t47mW7jW.',NULL,1,NULL),(391,'test386','test386@test.ru','$2y$10$4qOYftf6PZ9naJbwWQuRc.UbH.ZskJcXtYAhuk02.TRr/nZ7gUUre',NULL,1,NULL),(392,'test387','test387@test.ru','$2y$10$YXThUpGREjFcbGh84Yumn.EtSX1UpcF3EIIGSMouKifCrrlTG06Ey',NULL,1,NULL),(393,'test388','test388@test.ru','$2y$10$bb8sXErLgfnOAjtZSw5ITeWRglHhxuq5VX5zpgUtTXETMysQjMBbm',NULL,1,NULL),(394,'test389','test389@test.ru','$2y$10$8/tLF9QuN089P0YygQ0ice33rQwBrDtaPTB3eWMbx9VvU3Yb1qCR6',NULL,1,NULL),(395,'test390','test390@test.ru','$2y$10$8RcnTmpylxYVf3NnwFkF/Ov/uThxiU4ibPxaU7RlfE8hIiqYTc.HS',NULL,1,NULL),(396,'test391','test391@test.ru','$2y$10$IhrAp0tdV5wCcUvo0pIFseD6JFDveNie1g8NlU13RIUEEwbxwcBqO',NULL,1,NULL),(397,'test392','test392@test.ru','$2y$10$dolpGjRd3ADYjlT8cGbQsOQHH3LPOW8djCEhziynXSkqpFic86UQi',NULL,1,NULL),(398,'test393','test393@test.ru','$2y$10$iFXKbhmWt1GxbqIPyrbu4.jM8OjkeQJklwSPBwZ.7hQ.94AKMhtya',NULL,1,NULL),(399,'test394','test394@test.ru','$2y$10$A9KaB5HR56ecQlEi6ceH8OyJu.q1MiwbXGhFlttgUF4zTwY9hxyH6',NULL,1,NULL),(400,'test395','test395@test.ru','$2y$10$MMLeyYoYoWn4prp6rMB.CusCmSURQ3249OWhvfB4OobdIT13HQkgq',NULL,1,NULL),(401,'test396','test396@test.ru','$2y$10$4Ftl5VXiIRNJi0RrWM/Ului53IRorq2LP.RysnNhCHPmCtqdYKxUG',NULL,1,NULL),(402,'test397','test397@test.ru','$2y$10$ODXUCVfxIwb0DCAWfVaFPe1XuLUTSE5HTmm8mWxVh5EDzsejdxZnS',NULL,1,NULL),(403,'test398','test398@test.ru','$2y$10$UWeIMQdijXRiU9YS13wgAO1aLaQiksvanci1NSLPqiMlbLjgRiEZG',NULL,1,NULL),(404,'test399','test399@test.ru','$2y$10$stlZfNW2Z1p4mgW5kF8EUuhTRlqcKut3/NdcakVHXvEn2pPtFO9g6',NULL,1,NULL),(405,'test400','test400@test.ru','$2y$10$xxJh.8oej10TbAPkyDaMleL60sFwZ8cOYQeofbtLe5gxSb0iJaSAC',NULL,1,NULL),(406,'test401','test401@test.ru','$2y$10$mRLZTLZ4EHd6oCWei1f8yOp.Oi8rUq5L/PaZRgWIX4LCmVqLtKeFa',NULL,1,NULL),(407,'test402','test402@test.ru','$2y$10$ZHwAl0wKXyNCuTlP/YEAXejQOQH50RNNsvsZ7.IeuAf.kOP4acAQy',NULL,1,NULL),(408,'test403','test403@test.ru','$2y$10$g6cZC6jYmjabIQ/WIUfKOeGC1LV.wq3meco45CWnTCzIq6Gp4wN7.',NULL,1,NULL),(409,'test404','test404@test.ru','$2y$10$IVFnmXFq.tWZiy3HUqsot.jFfFv5TiKiijQZzJxu3a11TWGH6RqWq',NULL,1,NULL),(410,'test405','test405@test.ru','$2y$10$l4BOsBObvevq2jL0tqefTejEVJnUTG5Si.O/.V/V77s8tY9UJyuoW',NULL,1,NULL),(411,'test406','test406@test.ru','$2y$10$Q34RUlOerEtgMfywK9We7OU/ved4WuSMJU7qFHKPNaPgAw7nvG4ke',NULL,1,NULL),(412,'test407','test407@test.ru','$2y$10$f9tUet2x6Oh5Td.mxPbzSO59F0ugIlMACUTOQtIuP96olYlK7HBJe',NULL,1,NULL),(413,'test408','test408@test.ru','$2y$10$Iz1lvdaK8I5odEL1jAzhEOJgUSC9AXjkkR9ris14cn7rrf0IoykAq',NULL,1,NULL),(414,'test409','test409@test.ru','$2y$10$K4aaRQ3yD2Mgax3.BhxFZevQvcavJU3AiZiVewkaEYfg.LpB.Q39i',NULL,1,NULL),(415,'test410','test410@test.ru','$2y$10$0qgJnIlKDLf2xFao6je85OoeUXj6.8MWKs75cpfZSwsq9xibzAQIy',NULL,1,NULL),(416,'test411','test411@test.ru','$2y$10$9Y6rHH9vmxu1jTHt8drkn.zrtL3yC/aSnOx3vC73K2APuUKANazyq',NULL,1,NULL),(417,'test412','test412@test.ru','$2y$10$xMxGcby27yU8N5XjEGmb2eC9cBK9Ld1d1EzwGVvxuxXhfRmXbX1FS',NULL,1,NULL),(418,'test413','test413@test.ru','$2y$10$e4OhVAdekGNQu3HJUku.r.M84E8ruFJHkaAiz/xp3XyzPxP8z6dSu',NULL,1,NULL),(419,'test414','test414@test.ru','$2y$10$acpFgadyp1zLpnXNkAHkBO7/J6t4rLfzEhqcJ.7u4MCATjBT/l8Qu',NULL,1,NULL),(420,'test415','test415@test.ru','$2y$10$tr/XmsApZJLfUv2wV85G/.tPsCS5OH4/2iM7rdhtXi4z.eJSH/Kpq',NULL,1,NULL),(421,'test416','test416@test.ru','$2y$10$eKZX02Kt7H7rVBcNdTl5IezDU8iTVs5qgNcWFzK/edp1x/wBviTe.',NULL,1,NULL),(422,'test417','test417@test.ru','$2y$10$A8XgwUWHqFmpDQNP25VWueAS6VR3eWdEj8HxjSNh523BGWmG2qg5G',NULL,1,NULL),(423,'test418','test418@test.ru','$2y$10$CLrCdxzaxfmImJAs6NSff.ehsRPcKpbm4jDbUZNCeNU38LY3R8oYm',NULL,1,NULL),(424,'test419','test419@test.ru','$2y$10$td2WjXTfc.JO3fY00jTc.u2dg.V89NAXHmi2f06xOHRjq02zKfsxW',NULL,1,NULL),(425,'test420','test420@test.ru','$2y$10$so7iX9C1IaJi51Nz.uDL6uMhkXPNs7pvm7YrXmNeiXjbASKKN56lS',NULL,1,NULL),(426,'test421','test421@test.ru','$2y$10$lLPeAa9Fyt7usnQe2P26X./uJKJCHMH4ET6lhPaNaEEOgD4bTq9he',NULL,1,NULL),(427,'test422','test422@test.ru','$2y$10$G6ayigXUostbGGc7HvNE1.MVITU.OGk7prBY.VhCIXDK2g./AjJKO',NULL,1,NULL),(428,'test423','test423@test.ru','$2y$10$xkU1D/Gdi8Cc76zVu.AIaO7uJtd33SfXls7gVob/WoCC.NADgsfDK',NULL,1,NULL),(429,'test424','test424@test.ru','$2y$10$rrXCbc0EFz9TtRlthFO1hetCH5WGYoE6FPChdDlFOiGMT/sxa.tOC',NULL,1,NULL),(430,'test425','test425@test.ru','$2y$10$FTZDlCJwFfPWur5cHRujUuRwyTLEGIWEa9328/W9yW2JpjeKPx6I6',NULL,1,NULL),(431,'test426','test426@test.ru','$2y$10$S/zkrgEgy3Y2n0D9yzRfreIkaPwqhvtgmzPKGn3qLQbMc.62Kspbu',NULL,1,NULL),(432,'test427','test427@test.ru','$2y$10$VRcfb3M9d6JQT2aKaxH9OOLRcA.KiIQoWzqSbXeADIdaNUQTHCIuy',NULL,1,NULL),(433,'test428','test428@test.ru','$2y$10$oPIs4eqSwYbchY8aZe9dEekkn.b1fBc8UircHeXRErDcOwJ.z4X9.',NULL,1,NULL),(434,'test429','test429@test.ru','$2y$10$7tpxNYViAwncYQwRYSV.ROykfS./66HSPWzNq2FTByK0rw7fikT0G',NULL,1,NULL),(435,'test430','test430@test.ru','$2y$10$w.ak6p7tuzfEfDPADl1aBuOvzTZYp6VPoYlLdhdJ8A4zYvay6hHXa',NULL,1,NULL),(436,'test431','test431@test.ru','$2y$10$JhwrGGbAOPmr3wvXm9eLvei.6u4n1GBdWQZH5bhOeENsOejLtR/F2',NULL,1,NULL),(437,'test432','test432@test.ru','$2y$10$4urlPHk0P/G1dNLRZewKKemdHEFnk2BjPHrHR41CHE3SbBh6MbMWO',NULL,1,NULL),(438,'test433','test433@test.ru','$2y$10$vlJrMfg1cp7hPEpSJZOVEeZFiMsQsvx6NDkvqaFF9obYWAHdMtt.S',NULL,1,NULL),(439,'test434','test434@test.ru','$2y$10$Sw.UxJF0qPwk5LjNAPv/RegP5j4YkYX0n18F/qXmF/RkcCs10OwVC',NULL,1,NULL),(440,'test435','test435@test.ru','$2y$10$WhXpfBfYOyRrZN3sR70zxOePhcouNLAVVUFDSVgUUGrk6wXqPd6TG',NULL,1,NULL),(441,'test436','test436@test.ru','$2y$10$97T3W/zeFWrQSckKPH7qYe2ll8c16BMAahzURZv6xkOIUvO8u5eW.',NULL,1,NULL),(442,'test437','test437@test.ru','$2y$10$vwjithYhdUv1zOcFRjZIHec7IfhycNP94NR8ATE./aFUMsT3HkPBO',NULL,1,NULL),(443,'test438','test438@test.ru','$2y$10$V4AdD9XhtlK.uGX58Gpp5.i1GNH7LJTmDkcIjE1Ednwd1/8zsKIq.',NULL,1,NULL),(444,'test439','test439@test.ru','$2y$10$apm.T1tckvJO2mqvlredpemSvkJQSQ7YtBU8HfLWk/wbb8NC9WZxm',NULL,1,NULL),(445,'test440','test440@test.ru','$2y$10$zLTtTjv/etYsr31CX1vptu9qA7sEJaEOa2qP8SYoNSjbHP1voqMXi',NULL,1,NULL),(446,'test441','test441@test.ru','$2y$10$RrwIucEhAR4uf063ycX9L.GiK4FHCtfOf5Dd2WOu/do4YHsoDnjOu',NULL,1,NULL),(447,'test442','test442@test.ru','$2y$10$8qo3YdCd1zrPI1WI9ipyze6psqJt1Oemlw20GBSp4AP4k1TRJqFoO',NULL,1,NULL),(448,'test443','test443@test.ru','$2y$10$tTJj4if0MgUvyN2MJKCz.eudehqgRVjWPnBWnD3eUE5/NRKQRgG9e',NULL,1,NULL),(449,'test444','test444@test.ru','$2y$10$NK0PA5wzraY2kFbgHfsS7eZSOTYi41pTQuUQ7nc9H9eIM.qX/fise',NULL,1,NULL),(450,'test445','test445@test.ru','$2y$10$sGbbORdce9opZrV1OsS9fusLbh8.dVORXQ0xmLddSdy1LfN2mJkAC',NULL,1,NULL),(451,'test446','test446@test.ru','$2y$10$eSaHwUUxRiyXNIh46ILvJuKgA4X5T/CCYMNkiPdi1/2xohskUgZvG',NULL,1,NULL),(452,'test447','test447@test.ru','$2y$10$S/PhmrP7a1ltQWjUW6Wqbe8bcBCJZrjBdmskTN1Ql/z.rbqSkXJxy',NULL,1,NULL),(453,'test448','test448@test.ru','$2y$10$kN7SmMs3oKqvlj.ESt7HAeIj47fn/KupWyq7G0Du28HDXyI8aK2EK',NULL,1,NULL),(454,'test449','test449@test.ru','$2y$10$fAPagk8H5ZVAgfI8plBqZO0Bd.GE5Y4or.9PSyP8bjK6V/CJsnVQ.',NULL,1,NULL),(455,'test450','test450@test.ru','$2y$10$SB4kI.nNh6s1KlAAEtc9fe/aCsOvspRSu2QyvxyE651xki9Mmzx0a',NULL,1,NULL),(456,'test451','test451@test.ru','$2y$10$UfjYwKSjFZQncQkS6JR.neGFH9HJY1s8X7ockgFeviSwMn4oJdUNC',NULL,1,NULL),(457,'test452','test452@test.ru','$2y$10$v/.zt6RcE/rznBvEUfLr5eqGVbqo5cw/MuIooAV8FFmCmhI8pFGc.',NULL,1,NULL),(458,'test453','test453@test.ru','$2y$10$5FNmvmMteFtW1h4vpA.E2ORY8F3Pa01nRqpaJgLpqP4GlEm2dOI7C',NULL,1,NULL),(459,'test454','test454@test.ru','$2y$10$EDEAu.CsfrXs8keagX5OmevcECX0mYdmb9Ese9Q4MgCSMltzpy0Du',NULL,1,NULL),(460,'test455','test455@test.ru','$2y$10$2LZrV/ikEbV4YJJymIZ1wO1hw9TeHPrZkLUgn5NaMIBKqFhVBrq9G',NULL,1,NULL),(461,'test456','test456@test.ru','$2y$10$lNw4vmN6rL7NlQI.fL5NXeRC73LJWN2MzBuD6k2qv5SNHnvyBIDEW',NULL,1,NULL),(462,'test457','test457@test.ru','$2y$10$a0.ioEWwsKWfl1k7q3DhY.7krGaX8Ko1gysjuNpPZeKzOQTuhkZGO',NULL,1,NULL),(463,'test458','test458@test.ru','$2y$10$joD3wyA54DGetrctMIK6A.lrRlKt5PlMn/mkK8bE6mfik2sX0uGda',NULL,1,NULL),(464,'test459','test459@test.ru','$2y$10$9wEb2hRU4fSxLbKSMApkZuzCGGd7NwTsGCrA59do0itVZ4Mnpr1N6',NULL,1,NULL),(465,'test460','test460@test.ru','$2y$10$9gX2XwB6IHZ6kgAMgoS9Muo3Ocyc8gPISQbf1OJi3RItZq0sdlK6a',NULL,1,NULL),(466,'test461','test461@test.ru','$2y$10$F04TuV6a45nD/fSBrdMkyOU1N.VU45CeYEuDsvuBDVktp6WV/P5i.',NULL,1,NULL),(467,'test462','test462@test.ru','$2y$10$Z6U9i4Y6MyMqHiBlA1md5ugl8I.Gqb13yjALVBEdIxsGFCBkyB2dq',NULL,1,NULL),(468,'test463','test463@test.ru','$2y$10$sVkcCZuyswIddu87Mekpje.RO7L00KWaLx2xBzT3tJOn3ZcE/OBt2',NULL,1,NULL),(469,'test464','test464@test.ru','$2y$10$hNr0VoScyaqrqUPMG43aFe0ME14WMpiEzvt5z5cmO/uoISoMG/iwC',NULL,1,NULL),(470,'test465','test465@test.ru','$2y$10$BOzQG5ZSapcdWhbvgiOLde8S76DBAh2IEheKFBmBspPf0rD.eYdXK',NULL,1,NULL),(471,'test466','test466@test.ru','$2y$10$utWpviWmdJ2oPX9BMRp8yuvqrWEh00J2Bh.nQQ85Z5fDwoTR2Z3dq',NULL,1,NULL),(472,'test467','test467@test.ru','$2y$10$TfY2LsLulAYS0EUIPnKbd.6rChgRtTIEwBa92B1F1x5VadbqTQSfq',NULL,1,NULL),(473,'test468','test468@test.ru','$2y$10$Gr8JiibEMvGPkAutAujg/elh1PfI9Pm7.DK7IDj.uyfwtvnkI3jtS',NULL,1,NULL),(474,'test469','test469@test.ru','$2y$10$iUTSRju8l3B6NNKvT4eeZuukyJ4uZC5mRD3kXfKKisass./HslUda',NULL,1,NULL),(475,'test470','test470@test.ru','$2y$10$bPL/66eKjOts.Z4A.Rpp7eXX7456KNqzK7xpZLRVef1P5P4PNz2hG',NULL,1,NULL),(476,'test471','test471@test.ru','$2y$10$hSV9aZTa.Qp3vrHYmICBBeHwUYnrc3D5GEtcobg9DyStSXqQ8LcOW',NULL,1,NULL),(477,'test472','test472@test.ru','$2y$10$bX2QRb1oeSF7BIOmkXAs..E3eyf6XPr0w9iTuj8/AhXcYpGIqBAAm',NULL,1,NULL),(478,'test473','test473@test.ru','$2y$10$LsV6Mz7yziRdWINh/P5vgu6UissUmsTOIuIgl16Z9akVJdD7aI/oW',NULL,1,NULL),(479,'test474','test474@test.ru','$2y$10$CPZs0egOa/NjHOm6CViL4O.cRQQGvFOEt2fyJeOu9.Stmsv.8eIz.',NULL,1,NULL),(480,'test475','test475@test.ru','$2y$10$Sf45.vDTRk7hrCDC.3O7ROXro7JTY5GA0O1JyQ3IKN2WKDhxbR4eW',NULL,1,NULL),(481,'test476','test476@test.ru','$2y$10$lKNXUu5tQ.eRlqqJswV6n.Sg3kMsfO.q8OMI1iFL402W1Dr4eEY5e',NULL,1,NULL),(482,'test477','test477@test.ru','$2y$10$3xTCKxgW3Gcu217lAQabse4RuPfqS9QYifehmsI6EWmtixF.3U9uC',NULL,1,NULL),(483,'test478','test478@test.ru','$2y$10$BbPtyb.qctV49HFGYNBoGu3bzYR0g.eehKnvTKF5SAnN3GJVlvv.O',NULL,1,NULL),(484,'test479','test479@test.ru','$2y$10$KWEiBvTcfB/PgqKKmsOYl.X0M1CCwFUtLmRl6vTsByNyn.jgmhM1S',NULL,1,NULL),(485,'test480','test480@test.ru','$2y$10$66zqVcYqu4xP9Q0r64dozeyAT/aZ9fNIrKQMsTMH1U7fGG3Z53.jK',NULL,1,NULL),(486,'test481','test481@test.ru','$2y$10$irqDNZjwajLcCRJI5oGY5uoct64dETq0zpaLtpzEEv93Wb2A/yhgS',NULL,1,NULL),(487,'test482','test482@test.ru','$2y$10$zzIqxoqMw4l7ipX6aQ8VZe721yCq47HyzKVGw.WpxqFm0FSFRoBRK',NULL,1,NULL),(488,'test483','test483@test.ru','$2y$10$R6vcDk3J3VAs7pw29lLhA.xWlr4i/bYOHM2ZEp121D4ncDqKhmHp2',NULL,1,NULL),(489,'test484','test484@test.ru','$2y$10$11qt.xu6ujea3.cGhxlAD.iuilmDumWpEIQe2t3/8LXdbrtQmr0ka',NULL,1,NULL),(490,'test485','test485@test.ru','$2y$10$YpArSZpqO99.h5.X6I9sjuFfcqQRhA2fk8vdmkdgU7cO6iaNnR3ce',NULL,1,NULL),(491,'test486','test486@test.ru','$2y$10$QWwZBE3gGCwKEHRU5jgRzOgD.fSrZ40UweaBmuIOJbGK2MFpR9hYG',NULL,1,NULL),(492,'test487','test487@test.ru','$2y$10$VpD6jT0RI47doKS5hZTp0OWtangbaCie4qC83hmVYeLM09bQiyibi',NULL,1,NULL),(493,'test488','test488@test.ru','$2y$10$gU4U7e8.ljB.xdX4ToALm.B0rSLil1h/73epkm2nBRzy1J8na6TT.',NULL,1,NULL),(494,'test489','test489@test.ru','$2y$10$lpeiR/5M/bmivJSEy4zWNO4HoIXOZ6JTLDE21BT.QB3E7ubw4lBS6',NULL,1,NULL),(495,'test490','test490@test.ru','$2y$10$IvZfn9Y.gcrIyRpqpu9evuL9TjYFuVRYj32ZswxTrTcetOthB722i',NULL,1,NULL),(496,'test491','test491@test.ru','$2y$10$jRYq/gL3c2JiXz3TdovrR..iRfmhOJ9nRKsjAyd61qJKh08jXUHlW',NULL,1,NULL),(497,'test492','test492@test.ru','$2y$10$7u8KdgTsY/fR7rpVP6oq1.sADyX4SkqIHd2QQKBtTInQP7jzi3tzC',NULL,1,NULL),(498,'test493','test493@test.ru','$2y$10$g8HyRnA1ZLXPzO6ni/vHp.EmqdEN8m5dx8pk1t1sZrCo2twMU5CLG',NULL,1,NULL),(499,'test494','test494@test.ru','$2y$10$Ct//9zb1iRAjkqHacUKhsO69nPncPVbLLo2Iehf78XAmkf3UHVvkq',NULL,1,NULL),(500,'test495','test495@test.ru','$2y$10$btEBKE8/ug15etei3pZ8KOYWz13Ofupd7CtFjAbluy5t782FmPSRG',NULL,1,NULL),(501,'test496','test496@test.ru','$2y$10$oHEuwMti3MIwWZirNUBDRexP39tTP6qOC5eKd.iib42zqwwRtzlOm',NULL,1,NULL),(502,'test497','test497@test.ru','$2y$10$GtmM/WtZ0i/0qxyQu6e22el3VjplxyMqRVK7TnDe8p5T6ZRXePCGO',NULL,1,NULL),(503,'test498','test498@test.ru','$2y$10$Yekc0C0nQGUu2ftXbPDFRuIqZLObjNsfqLJOC3j4VooYT6xY9rXW.',NULL,1,NULL),(504,'test499','test499@test.ru','$2y$10$1QuK1rYU6/bgLVt.1Kt1hOnFLaT8sCtxXgFYAMTyH/M7qW0IzGr3K',NULL,1,NULL),(505,'test500','test500@test.ru','$2y$10$CIbn2CgxBbTCX8QxW9bcceSst/jYhftURpyU8uzO1J2cmAZUpB/Ki',NULL,1,NULL),(506,'test501','test501@test.ru','$2y$10$mYAOojJIftCJAM8f3d2nlOJVfHKJ/sX87Sxn0rbSDqPaCR7BiTORi',NULL,1,NULL),(507,'test502','test502@test.ru','$2y$10$KUGycTG5k2brleQk8C5zZePEmhUfLu.QTRyt4AUe6GfJJc/OKasFe',NULL,1,NULL),(508,'test503','test503@test.ru','$2y$10$l3T4U5a9J1QqclVoo4WHLeUWasfQCSVrVJ4sxgunNvS0RY0ORUPz6',NULL,1,NULL),(509,'test504','test504@test.ru','$2y$10$aFEzcav7svYpzqUQVz2VoubrzsinqVizs6U7/.iBXuQioNl8icNMG',NULL,1,NULL),(510,'test505','test505@test.ru','$2y$10$Q..rCfu1wbx2iAkR5JY0heO7lkdwNTzBpKHMEDzOsT5mqz010n332',NULL,1,NULL),(511,'test506','test506@test.ru','$2y$10$yvftlwk3gjFV4FAuyU88leLNFHqydrccTwoGfkRum36bx/7E0X0uq',NULL,1,NULL),(512,'test507','test507@test.ru','$2y$10$I9Qh6J8Bry3ZGBgBNPhUMuMs9lJi6olRsKI05wToVnJ6W8Er.W/gG',NULL,1,NULL),(513,'test508','test508@test.ru','$2y$10$XPX8FEdWPABrt1naVMzZcugAUSH.PxXir0N3hCLcLXdHFToFI.bt2',NULL,1,NULL),(514,'test509','test509@test.ru','$2y$10$RQPXjhBpUBam8b75KV3kHOTlpSo6vZHFrLBtviOR.ndWZG1SDGSyO',NULL,1,NULL),(515,'test510','test510@test.ru','$2y$10$Ge5Bng2GiigRjhpTS8ZsVeVpOmWnMg8nZOQHTYk8bAaJtVRSjRoLK',NULL,1,NULL),(516,'test511','test511@test.ru','$2y$10$.MgAX6Q5heL0Et8BdhwSKuOPF6IHZ8F4H4oG1gP/8WBbx1wV0dzqe',NULL,1,NULL),(517,'test512','test512@test.ru','$2y$10$LqyAAzmDVblSp0by6AVTOO7PiDpb5/1hj.NRk4x/FVh8gkA5aLaGC',NULL,1,NULL),(518,'test513','test513@test.ru','$2y$10$pAFn07koa8Uhpx81LWoAq.zQhsO.d97ZZLctNINILZ6ltv2har/Ri',NULL,1,NULL),(519,'test514','test514@test.ru','$2y$10$MNC8nlfmD3SyglKk1L9Ufej22xdIMs/5JLlA6RevOeo.GniopW4tO',NULL,1,NULL),(520,'test515','test515@test.ru','$2y$10$GIQhDE16yM0r177rrLno3uxlTu0TRKt8Klo1HFlGguOXWQKIg6LeS',NULL,1,NULL),(521,'test516','test516@test.ru','$2y$10$Ntz24/qjEtF2UW/bpYA7kuZQsuIS.pIIui3R9mq7N3pdGwPrxJVeS',NULL,1,NULL),(522,'test517','test517@test.ru','$2y$10$6eVfxMo8ahZZsb3N3N3OdeweWyHkivPwAUrzULVCnlqN8bSi0mGdy',NULL,1,NULL),(523,'test518','test518@test.ru','$2y$10$vos79dMTvdpR2aI8IMgup.9VyPFWFYgMPn4L9BARmj9qdMPCQaMeW',NULL,1,NULL),(524,'test519','test519@test.ru','$2y$10$RhuYeGqmFMAY3mp0sax/LuYqJEmLgKTnXwgNk517LTndXU1UHOd9u',NULL,1,NULL),(525,'test520','test520@test.ru','$2y$10$1pb5K9Gqnr8yI75Eafxw3etB0zZSeHLbyZ..Mt81kyjmeNWwQI7mq',NULL,1,NULL),(526,'test521','test521@test.ru','$2y$10$3wMqz.9T3D.3sqtp79d/VubkTWFUhO0Xu82AGHvZcLTntwmMf3OU.',NULL,1,NULL),(527,'test522','test522@test.ru','$2y$10$B8UErXZhZNjjPPRr5YQnEOudYQAcmUXpR5U7BYxru4FeN/zgm.Sbi',NULL,1,NULL),(528,'test523','test523@test.ru','$2y$10$S0cgiXI9CxPnrh312GQj4.dqdnqmJsxjMjKBmct4i5HLA7iKgVPVm',NULL,1,NULL),(529,'test524','test524@test.ru','$2y$10$LRHZ5VUxTNqWQKadHFlQqu3KR9VOZW6pqT..RdA6XCc.HjfMfwlza',NULL,1,NULL),(530,'test525','test525@test.ru','$2y$10$UDs01nI/LPIRv/J9492JYen1Oa0tw2Se.7A1gzFR8weinMffbU1de',NULL,1,NULL),(531,'test526','test526@test.ru','$2y$10$HtT4hC1obZPgXHablRkAp.N7o/r298/gwQcDMPdjDKt4ZCgEOoAv2',NULL,1,NULL),(532,'test527','test527@test.ru','$2y$10$owtlYXajIvwNZxYWP0ZuD.RtHvv/LOfU4R2ScapDy9eYwLgRIUIwa',NULL,1,NULL),(533,'test528','test528@test.ru','$2y$10$RQ4BGOoxELiaBwRAHUdHDuYwZs/jQ6wkARwoGHa0MufzkjYOUCgNC',NULL,1,NULL),(534,'test529','test529@test.ru','$2y$10$sXzSCddyp3LdVDGYwoHm4u00qo.AaXUsgqb/LC6pAQA6aMewb6ZUa',NULL,1,NULL),(535,'test530','test530@test.ru','$2y$10$c.RtHcq5/EITBG..iw1nQebFZEleapVo6D5UbY0whkZ9BtCiikFwi',NULL,1,NULL),(536,'test531','test531@test.ru','$2y$10$vdoPQQSyHtgDqmo5IQYQGOOhKp5aMsp0MijSJpcvyEs0za4JD1.7W',NULL,1,NULL),(537,'test532','test532@test.ru','$2y$10$aFt91Yo3wnzJioqOqzW29e4f5NM5d9BaXIaG74X8OAGoQcqIOyfMK',NULL,1,NULL),(538,'test533','test533@test.ru','$2y$10$9ZCluRDGh1cajh17QbCOKOJ6HvTEpogJ8fi6YSJitJVnQLXRnvoAa',NULL,1,NULL),(539,'test534','test534@test.ru','$2y$10$/eyfX8Wjd/u1VCCb2TVZWuYRIlByM9YVxZGcNRE1DGcUgEeDGDfxW',NULL,1,NULL),(540,'test535','test535@test.ru','$2y$10$tOCIqfybKTtmnX4pS98X0unXd7p43xf.VnYeiQpixTVyLtaPfUJ9W',NULL,1,NULL),(541,'test536','test536@test.ru','$2y$10$ko3xYl3nI/eewneOFuuENuyPs7PF73bHQ7h4e8GzPmoGLP0E4q7IS',NULL,1,NULL),(542,'test537','test537@test.ru','$2y$10$.5taa93GoIE.j0EYTIihyulQQKsRbH9o7UrXtfkla7eR9hPqYh29K',NULL,1,NULL),(543,'test538','test538@test.ru','$2y$10$RWcdp4SllaP9KOFIQ6hTzefyL4kEizuY7lMAnMt307ocubmp8s/mi',NULL,1,NULL),(544,'test539','test539@test.ru','$2y$10$8Eds.zIPTWy4PYLGzZ846.k9Ml7bxQyIkFA1zEcrcUHURqi36e.yK',NULL,1,NULL),(545,'test540','test540@test.ru','$2y$10$5uyUXF42FrXxjGTVKbGHcu9ybM/qyIjC2I7DAGTa3IYGkpXZLSLmO',NULL,1,NULL),(546,'test541','test541@test.ru','$2y$10$H/i7E5pqbKM3GTJFxkb/1u66bZj1f8aCXbe0Hn15sSIc91hcgQHuS',NULL,1,NULL),(547,'test542','test542@test.ru','$2y$10$s4UfkSaaTTO8BVi1OkBRlOhpJ80beC/VtD52fQkwMgCTYaH1pj8KC',NULL,1,NULL),(548,'test543','test543@test.ru','$2y$10$0o0SJQu6pHlCakea5.Nseefl5wxhHwR5NYMH5wzZXDg.UqMDEZBci',NULL,1,NULL),(549,'test544','test544@test.ru','$2y$10$E.E9pugoK8PdImv4eoaSCOCl6GxIvHaUDXjU3wiBRVitIc4Em60Uy',NULL,1,NULL),(550,'test545','test545@test.ru','$2y$10$37aLbqnhhMuB8mihiWCl/O5wRnQ.gZTcptcXi18ZXl95sP4DZ25Oi',NULL,1,NULL),(551,'test546','test546@test.ru','$2y$10$KbCVyR2d0KEhrXJUb9AaRuKvACTInL4YxrTg5QyERA05pSlG4/SUu',NULL,1,NULL),(552,'test547','test547@test.ru','$2y$10$Bu17LUA2It8xEBobbZZX6Oms8wXmuvhmpEQkdZhp3xmbREWdtwSsm',NULL,1,NULL),(553,'test548','test548@test.ru','$2y$10$9kMM0xfy.ezxvGzNcXH9Iuvtjku/uMXV75MKfyjLh0nqKlDKpeJ2G',NULL,1,NULL),(554,'test549','test549@test.ru','$2y$10$AyuA7Y7dtYW6A4ZbQDp/KuVbuQcY..7YhVX8nHosO4DWz6FMxQqda',NULL,1,NULL),(555,'test550','test550@test.ru','$2y$10$XIA6z9GjmiiYzsi1Piv.2erGHukfkqjYscw3ZWSQUURrrmZFDy5y6',NULL,1,NULL),(556,'test551','test551@test.ru','$2y$10$2Kyf/4PKt.SmACcNxsl/wO/ddP9R42836gr//y1qNcD7T2SFqSli.',NULL,1,NULL),(557,'test552','test552@test.ru','$2y$10$ngtFDWKtSBuFCFusqh9jh..PtkjW.clfOuBT0iYc5UiDjZQKUzwW2',NULL,1,NULL),(558,'test553','test553@test.ru','$2y$10$fPurWPYlU/BHN75CYFpwbuDqiftCz2bP2RBOywAWTiBtekAopgg9S',NULL,1,NULL),(559,'test554','test554@test.ru','$2y$10$PyQcqE910Qpk0hXepoy4GefBUOApzLtFiAQ6sgiB7E3axdfG2kOVC',NULL,1,NULL),(560,'test555','test555@test.ru','$2y$10$jK9RaLqnXzls0bzTz1fI.u19vtyDpBugifooRKgdCLrw6R0tCyaMK',NULL,1,NULL),(561,'test556','test556@test.ru','$2y$10$CSb0H0HP93otVRZvLLmgGOdFzJN7bIWFJWosFd0gp9HazU9eCTJ/K',NULL,1,NULL),(562,'test557','test557@test.ru','$2y$10$nP9GKAujUmyi6k4xpee3bOIafC9x1GX/MBdOMyVpgmKdl2Kr80/hi',NULL,1,NULL),(563,'test558','test558@test.ru','$2y$10$Ge1cpQgsrtGsU5dwR345a.P5fP60ZBzga54B731lCJPkO/bzNjb9m',NULL,1,NULL),(564,'test559','test559@test.ru','$2y$10$zVkEpEsDzU3YiWyLt6XhDerSyECNsxrhe/My/GGBfS/buZtfDAf62',NULL,1,NULL),(565,'test560','test560@test.ru','$2y$10$V9EWMd.tEyn3qZzbXytqxOS/r8x3gMIvpYba32hpGfQdOy/1vlWhW',NULL,1,NULL),(566,'test561','test561@test.ru','$2y$10$A3laSC5TT.goxuCYbxRKeernX3R5nL4LPLQz9kK9B//UFAi8k4hCy',NULL,1,NULL),(567,'test562','test562@test.ru','$2y$10$swxI7Ppk2SuU.a/oLWuL0eVycLRiAyzvMPZbJb4O54kYqzNrq7E4.',NULL,1,NULL),(568,'test563','test563@test.ru','$2y$10$5pAE6paJGGgfKjBTvfywIefNW1Go9P8pJdcSEH5kduFvNwcXpKLLO',NULL,1,NULL),(569,'test564','test564@test.ru','$2y$10$EwzJI.oRaod2WvrVSBOMb.dHJUEY.Wtoa3Nd7pD3E.1KEIUq6GeSa',NULL,1,NULL),(570,'test565','test565@test.ru','$2y$10$882caBLHOerVPKql/hciqOk6JnRAvZm1Ex7opGbrLWmDBGipvBDG2',NULL,1,NULL),(571,'test566','test566@test.ru','$2y$10$2NMjQDgJSTPdfkhv1pGa8.pi/5kbBlNyU/Lcz5eQ0Hbki7iWxESay',NULL,1,NULL),(572,'test567','test567@test.ru','$2y$10$CToyeeouo5Kj0oluktKQ7et.WuF1fpFFvNXHKy6eN3bn/J9Ttf.WC',NULL,1,NULL),(573,'test568','test568@test.ru','$2y$10$DMjEvSWGxfDBn7XC8ssUh.GDb6MotR4zyUueatnOhgNrIf2NMeHTq',NULL,1,NULL),(574,'test569','test569@test.ru','$2y$10$MUOMRdAtQrfPxS20nUwpW.U5bAQJG0E6/YIAF5R5wNzUr2b865Ph.',NULL,1,NULL),(575,'test570','test570@test.ru','$2y$10$EXlZMbfr21Xq3UWT3PbA2.BahhSoTWk4QQr3x.R6qsofgk6kyckq6',NULL,1,NULL),(576,'test571','test571@test.ru','$2y$10$eAoqkSFNJgtRtioBIooUCuT3uV5CFZhAJg/weEtIWEG.7kfzKVKaW',NULL,1,NULL),(577,'test572','test572@test.ru','$2y$10$7KjZzrN.hdeLZZ.wSzSjSubU258YKDj3B1Dmdj6Y/27.R21gmKWxW',NULL,1,NULL),(578,'test573','test573@test.ru','$2y$10$KcMG34b84UjDuNVDKkTKXepgEAeEOy7.9bbh9R5MUBl3y7F7IEhOC',NULL,1,NULL),(579,'test574','test574@test.ru','$2y$10$nMvsW0XuLa2qiBMBOnyj8uRQ84MhVpzjdIeXqAwG3m1jps9qaBYAC',NULL,1,NULL),(580,'test575','test575@test.ru','$2y$10$IR0dXXA02sDgd54v7GmwQu46YzTDiR2hbo0r7UrWrkwPDGgi3Dd7m',NULL,1,NULL),(581,'test576','test576@test.ru','$2y$10$6RTsiuxi327euC2qwafJx.b8gpC0k1N/zBujrvgHApEFAkOpPQ76y',NULL,1,NULL),(582,'test577','test577@test.ru','$2y$10$Zuw4OAGtNSF6rdOKuLgFOeQyIjAJsG2DvZtH0/./H22L3ET1usK/S',NULL,1,NULL),(583,'test578','test578@test.ru','$2y$10$cdtwhoI5R2oUdxpgrxpDQu95JVXvIGYVmQk1gWU1p5ZHXNVUL8j3y',NULL,1,NULL),(584,'test579','test579@test.ru','$2y$10$wo3Q4qYRS0hUFlpsujVMBensI/adb.jZZcZU5llJ9VSs7bh662kO2',NULL,1,NULL),(585,'test580','test580@test.ru','$2y$10$OVjA8Xe5fvdUXq.3amZ9G.8JiCSnr26lo.4SsNwEzyobrqgWsZUhi',NULL,1,NULL),(586,'test581','test581@test.ru','$2y$10$1xTqgCckNMSZdpzbn1oTgum65r1HOl6yK.21/xge.xZvZbFo14H6G',NULL,1,NULL),(587,'test582','test582@test.ru','$2y$10$XmG9jy9osNW3bHP7EnSxQerTFXQgaqHTrTbp9aBU1t425AuQSJbD2',NULL,1,NULL),(588,'test583','test583@test.ru','$2y$10$dqffxrI5/.zZpycWAVWmgu/2AIscYA3iVl3qaLmVdbh2p7VLYrDAa',NULL,1,NULL),(589,'test584','test584@test.ru','$2y$10$uTx5jWfJpEFCF4SF8AhQseggJ/Jouh2pIxUh1t4.uMCH/sp7R8jXu',NULL,1,NULL),(590,'test585','test585@test.ru','$2y$10$pWHZFDCwVnJCDBgSVqbj9eidtQ9oZjoHDKRSaWtp5IEep9dQVxFSq',NULL,1,NULL),(591,'test586','test586@test.ru','$2y$10$9oGxRDDPmGs3KeBmTHg0Pe2MZXZhjb4XFtbkmaQm5/WzciXyqovM.',NULL,1,NULL),(592,'test587','test587@test.ru','$2y$10$U6bGrXtzX6qw7fBLoXbbpOJEU.ExFS/rhsp12m6yHftWVuA2xTX1u',NULL,1,NULL),(593,'test588','test588@test.ru','$2y$10$SZ4MAxtLGkDWQK/u5gjSQeuUsxu0TkDdQC0JWjhfnPUeLMAXv/JA.',NULL,1,NULL),(594,'test589','test589@test.ru','$2y$10$7gxABO8zrGWKfx9tFpWgYeQOPYkCu3y9U6NQr4nIbNz9lzqa7mvZu',NULL,1,NULL),(595,'test590','test590@test.ru','$2y$10$BZg6iED5dDwwE.Wj7lw6QOR79k5PLhvxr.xuyd74PWoQSRlnFlAdS',NULL,1,NULL),(596,'test591','test591@test.ru','$2y$10$z9Sq7HJ96aQxdUykiu/Dw.LsjmpAwpxIm/Fxa4i7WVvpGzY/LrGA6',NULL,1,NULL),(597,'test592','test592@test.ru','$2y$10$HC3uN8W1YKMvCJeASwa6DO.0A88BoVr4EhseAE5BmTnqkHwelnJnS',NULL,1,NULL),(598,'test593','test593@test.ru','$2y$10$NDr7YXbk0AJA6ehZgTDbteJCM1..ukKaoj9qVipjNvB.FDDq0z18W',NULL,1,NULL),(599,'test594','test594@test.ru','$2y$10$.7qBPZdfBnYyY0kHOzJepeUxgMYXKS3da1piqe4g6i0SKurxu8nHC',NULL,1,NULL),(600,'test595','test595@test.ru','$2y$10$Kp4M64K.zci7n/Z4pC9ONeIfyWJC8uiLu/FZtYdF6aVWIy0VjArYG',NULL,1,NULL),(601,'test596','test596@test.ru','$2y$10$8p8l7pXRAXjD7McmxltUce2MFi1wa/19JiCxrvZ8.14g0O00uBgS2',NULL,1,NULL),(602,'test597','test597@test.ru','$2y$10$i9GkduMMUHMgS2cjiGhCYuHR6W5RR5HyUf1JUhwlNrmQJfMo1jTFa',NULL,1,NULL),(603,'test598','test598@test.ru','$2y$10$t5ZflrGWnmv2fozLZN.wUuhcQH2aEGTU4hedq1Bh2Cr/0IuWOYm2.',NULL,1,NULL),(604,'test599','test599@test.ru','$2y$10$wyTrUf7FbXhOmXbFHvUahuRET68sUaD7jcXi5CQOjWDE3KNUzxlM2',NULL,1,NULL),(605,'test600','test600@test.ru','$2y$10$u2LHlZRfe25Y6qTPYyn5o.2jtNBPn20T6XFjb/GVyzicAvaiTWmR2',NULL,1,NULL),(606,'test601','test601@test.ru','$2y$10$h2fuIGJMUapTtWJ2ICa9su8Q04vJLd.wKyKm87sevRyhX3IUL.Zxy',NULL,1,NULL),(607,'test602','test602@test.ru','$2y$10$699NK6GfsKYz8XXVCxfDhufMYB6n1qrPkW6coe5mwhkC2jKJSnRnu',NULL,1,NULL),(608,'test603','test603@test.ru','$2y$10$ZyCmd1z5gNrEVp/h33qBeOPiiui4wYw0yBvZaWb9DQxyGc3.J0GvC',NULL,1,NULL),(609,'test604','test604@test.ru','$2y$10$1N9g8uKGMkEFcGJSmaz17OTbuam4ChGcvfmNynTC.fS7olac3dGQ6',NULL,1,NULL),(610,'test605','test605@test.ru','$2y$10$o6IHQ3ypH.DD/STdH0NyrOofMaozbRPcZRDGMZ6mBYfVeBMmkYhXO',NULL,1,NULL),(611,'test606','test606@test.ru','$2y$10$UISLypdO3Anr1Gy0hfQpWOeF/LFtRPlSgFSyg6ejqUmXQvSPD3K/i',NULL,1,NULL),(612,'test607','test607@test.ru','$2y$10$lm4jQlKa4wPzc.wsm4iZuOFkBMgS3.Lab3LLa6gBHuQDubQOJP5Pm',NULL,1,NULL),(613,'test608','test608@test.ru','$2y$10$JzBeTMXtBL2Y7WkZXdKsS.l1oHN0qcajsX/GViK5qmik9y4brl6Lu',NULL,1,NULL),(614,'test609','test609@test.ru','$2y$10$Vb0kDYAGd.pCM5HP76RYO.iUS1m6A7bO6LyZXKjV/U1H7XH209BD.',NULL,1,NULL),(615,'test610','test610@test.ru','$2y$10$/V7kMpSuOfgnpRNQFsPs.uc.YTjRArN4ObMCb20vshU9nLs9Xztki',NULL,1,NULL),(616,'test611','test611@test.ru','$2y$10$RvaPFR4UNvikYAc.A3jfCeakamWGVG0RsN5h1ANp2XEnVp2c39tNu',NULL,1,NULL),(617,'test612','test612@test.ru','$2y$10$FcpgAx7uZZlLpIOEgX0dEO/fv0LOADVoccPmY.B7P6ZKPsBxalcYa',NULL,1,NULL),(618,'test613','test613@test.ru','$2y$10$R8UyOMt9528UuDdRXme3pOBaB9jR.PNlB/3StZraiAiz68C1vyitO',NULL,1,NULL),(619,'test614','test614@test.ru','$2y$10$2AB4Ptm2o9A2Xybid/Nl7e6.mVhpNXrpXdDO14nGnOOjVGTDjU8sq',NULL,1,NULL),(620,'test615','test615@test.ru','$2y$10$cbAT3gFEu3Ebz/4MLpgZgezD1D.vgQEPQbm1UANaC1Sw1o6OUoffy',NULL,1,NULL),(621,'test616','test616@test.ru','$2y$10$TiEHG0HAD4EJqJsH.UfDCu3SPT8oXnFGT0UqWvpvFXWU38VafV8U.',NULL,1,NULL),(622,'test617','test617@test.ru','$2y$10$cwGz5fVVPOwkGWUtCe7cQ.hmJOXk3g7gRvOvpLITsBD7HH9GkJ0Ja',NULL,1,NULL),(623,'test618','test618@test.ru','$2y$10$pdfzRZhDyJRQLRHCQV3lmuWPHcmgDLfQdoFO7oI25XV5zyAffzNjK',NULL,1,NULL),(624,'test619','test619@test.ru','$2y$10$W91fmg9be7r7bOU0MQ4qFuG1tPEJgGkC40ecNTEbybzfttJrmgu.6',NULL,1,NULL),(625,'test620','test620@test.ru','$2y$10$Vgw/YDTvbrRGzs2svDxAl.apdUSX20GXxcI5pQJA1LPddeENM84JG',NULL,1,NULL),(626,'test621','test621@test.ru','$2y$10$joDGTlCauc5m9SPcyo9ctevuh9J6mMIjtYZhZU8TaIMxc7vjADMLm',NULL,1,NULL),(627,'test622','test622@test.ru','$2y$10$V/vWAwINaHt.OqQ4gZvSaeB1H7eTx/fmiOT1yE4tK7RjhFWjU8wq6',NULL,1,NULL),(628,'test623','test623@test.ru','$2y$10$7K.8HanGkFOBjFwXz9o4aOAyNrIitSrmbC4Gf7F/4h3fApLdl4i6u',NULL,1,NULL),(629,'test624','test624@test.ru','$2y$10$xzQn5vs.C9D1JfcFT0smw.bLZfriU5FOUcP5ZRxVoO3bOIqyxXKwS',NULL,1,NULL),(630,'test625','test625@test.ru','$2y$10$N6m5GREFY7hTsxIekBHccu3NBPEwkTU77IqiV6e3gIy7dDi0QWQpC',NULL,1,NULL),(631,'test626','test626@test.ru','$2y$10$6OPXk4yv/00/6qz3HXNKIuKMWOw31gT5uLYKKDjNSvEkOmtu4u8Dy',NULL,1,NULL),(632,'test627','test627@test.ru','$2y$10$Jr537cH/QQYtvkm6TindI.qovzu2lLzOpTVDEKHJgEK.NHDcmYb1y',NULL,1,NULL),(633,'test628','test628@test.ru','$2y$10$ApMoSfZNYdpGRRgQLauW.eo8UQ8AWcjkxTFV/qBxqMb7nKXkx8hCG',NULL,1,NULL),(634,'test629','test629@test.ru','$2y$10$iPHw6nGDsezdWKflWKyOmOSglqIle4w9hiJ6/cbPxOSagco1Jhik.',NULL,1,NULL),(635,'test630','test630@test.ru','$2y$10$eS6AIWpMZTONiemIY/VWkebTNXjk5GWJ0Dz9sAsM2NlqBb4vZOpgm',NULL,1,NULL),(636,'test631','test631@test.ru','$2y$10$XXH7eNxOLW9fkwAe798NPelsQ5vBpjamXQog/quqqsy0M1YG9tSRK',NULL,1,NULL),(637,'test632','test632@test.ru','$2y$10$mkyzoSXVStXSU/Tlolp/weGZr.FJQfHgTvnO3XRrAE3blI67VF6O2',NULL,1,NULL),(638,'test633','test633@test.ru','$2y$10$8AtWDA2Ghbvf7dGNxG9ZD./Mp3HSqKiwm5qw8aLd.Wq174ZGIS5CK',NULL,1,NULL),(639,'test634','test634@test.ru','$2y$10$RDxnGvArLL3cgH.3N8UkceEWcb3rpOo9nZtwQH/jkrIuCg6CN9FjK',NULL,1,NULL),(640,'test635','test635@test.ru','$2y$10$P69pTz1XoVJccpRsVkB4ceInZzusy35f8MMOSH2vKX6j8.BzOhgri',NULL,1,NULL),(641,'test636','test636@test.ru','$2y$10$Y/wNZf/OVyaT7zHmBhD4geqR8B6dWTBuhwmsLNMAKDov60Lv3prOO',NULL,1,NULL),(642,'test637','test637@test.ru','$2y$10$wSMe0fV9GnBsd8WEnUOlrenEmojDVc.a4IlLDaKDHHOWU.ha71OUu',NULL,1,NULL),(643,'test638','test638@test.ru','$2y$10$KtWybl1w2T6vC9RJTWsEXOvTmf74EmHA.WKkduNHsLo1UXtinULM6',NULL,1,NULL),(644,'test639','test639@test.ru','$2y$10$sXh3u/AEUbtSPn.cS6cFN.5YkxhpNzXe08Bq2k2EL0SQOjwdfkiQC',NULL,1,NULL),(645,'test640','test640@test.ru','$2y$10$gL.Kq9qAV.YPcsyZfKQw7euzR0HtShgTWjoUWhyuUsf1Kh09aU9vC',NULL,1,NULL),(646,'test641','test641@test.ru','$2y$10$TT2V0fE1fm.HfGl..pRyXePoxtXoQVeKZuel2LqCOPWLTgednhvuy',NULL,1,NULL),(647,'test642','test642@test.ru','$2y$10$6z6trJhplqfpU4/T5sskbu9d3YaAz9y.AC9QayYTbpnbpxUKnF9Em',NULL,1,NULL),(648,'test643','test643@test.ru','$2y$10$hIXlj.V5X4VsCsK3bebXz.fGBa1QxZjgmmBN6H47AEd9uB.s.KBqS',NULL,1,NULL),(649,'test644','test644@test.ru','$2y$10$81WmykjhIreduD8alpzhwufX2jB4A1/XXRnSehsMCa/v//5bGl/ty',NULL,1,NULL),(650,'test645','test645@test.ru','$2y$10$CgdTQJBtrmIqhJjzlOhdPe4adXsIrATBiluRPzgGxjOpQm6ti87wS',NULL,1,NULL),(651,'test646','test646@test.ru','$2y$10$Y84BhYJN/wB040a349tLd.O9iU3z1tuIDQmjhR2.bNiFvvzY3dMlS',NULL,1,NULL),(652,'test647','test647@test.ru','$2y$10$R5nKsDl1xi3hLNn9CtJCjO4mSdQxp9R9q8JzRj//V8wofyisu7siK',NULL,1,NULL),(653,'test648','test648@test.ru','$2y$10$sr.pISVZJPKtb.QQaMaAAuXDs4twTZDFjqkX0gMl35/haOlWUArXq',NULL,1,NULL),(654,'test649','test649@test.ru','$2y$10$p4YJ220jssRgSylpYD32ke/9W54aCx7aQ6GSiPzEDA3EtemjLy8hS',NULL,1,NULL),(655,'test650','test650@test.ru','$2y$10$tMxr8SwdC/PlefMHcD2Naeeuwh9bsqRgaQgtnMb5pLH1rOnoHLVUW',NULL,1,NULL),(656,'test651','test651@test.ru','$2y$10$mkeW2aQQ.wg0SIEnOZ0GMuqn4/Ttm7kafrP5jNj.uc1n85cAa/Q96',NULL,1,NULL),(657,'test652','test652@test.ru','$2y$10$G4DEdnW0XO34N7KJpKWH7u0KmdWYbUCe2JnzXpuUl1HyENqAd7ONa',NULL,1,NULL),(658,'test653','test653@test.ru','$2y$10$PFG9MkRPdpzqRNXxxJW6DuwgC60U/HT1wAd.xxWmsFLSZ2MIUoGZC',NULL,1,NULL),(659,'test654','test654@test.ru','$2y$10$R.9Ym3Nf9ZKF2jbRADMv9Ognity2LHfqdrvLf2q8GeQWNSO.t.hI6',NULL,1,NULL),(660,'test655','test655@test.ru','$2y$10$8JO2LvTgqkOah1ze8g0uV.AlvmmRDt0MAG2ksV2t63pujBb81EckO',NULL,1,NULL),(661,'test656','test656@test.ru','$2y$10$rqR6hHYesYdw8pVLlpFQoON1kFHhj1A1yIWeUMmta1gIL46f8YZXm',NULL,1,NULL),(662,'test657','test657@test.ru','$2y$10$5fU6aVcMRgU7FUDDyHK1Du.kcLYBpywSZL.GjM15ZLG7y8U/0A6wS',NULL,1,NULL),(663,'test658','test658@test.ru','$2y$10$yevMI9hTpDbys1u8Jrd6MOy2/jrNNX8egYPJ/T22ES0fqkZucRDOy',NULL,1,NULL),(664,'test659','test659@test.ru','$2y$10$mDgPFnTbxa3tPP4XZxBsROIehYKEiYMH9wOrhTCbltbV/oiuBeSce',NULL,1,NULL),(665,'test660','test660@test.ru','$2y$10$vlqnSzOGIRlMZaitMurPI.SsgrU3nIZCUmoiUPuFHJWXc.QNIXifC',NULL,1,NULL),(666,'test661','test661@test.ru','$2y$10$Jnx0seU5rmiAFpdFztabqOe4aCJdeS9NKmMPnYaMMuX/mFhzS32/O',NULL,1,NULL),(667,'test662','test662@test.ru','$2y$10$5Y.zGV8dWy9OVMJMGFf79u5WSzdD6MhYGq2OX0dWWSLHGFbtdXXiC',NULL,1,NULL),(668,'test663','test663@test.ru','$2y$10$A4MiS919/8F1vwQ4jTEc8uUMjKhktnpJjFF9k5RayADOf90/l0Oqi',NULL,1,NULL),(669,'test664','test664@test.ru','$2y$10$EMYp.ahECjo4xNxNwtCHCOZjji/t0ec05KZF4T634ZLcRPQUkDGSW',NULL,1,NULL),(670,'test665','test665@test.ru','$2y$10$kAU4pXpfm3BwwtDmVPkntO0yHRtLCpzPpaU9m1yI6CH4X0kGDn3me',NULL,1,NULL),(671,'test666','test666@test.ru','$2y$10$s9SrgOBjsR8d1byaKifTl.XhQ/G7r.osaqOFVw.u3LKpJWfp5HdcG',NULL,1,NULL),(672,'test667','test667@test.ru','$2y$10$taUgxCxbVZbVec/mAtyNz.a/EL2FA1ZoJrA7a0p5TBEVJsgsou.6W',NULL,1,NULL),(673,'test668','test668@test.ru','$2y$10$AOfcNhOltkM2nj3EvP9/1.HHH9Gp/59Ag8w.S6mqaRW7s.pPRwMb6',NULL,1,NULL),(674,'test669','test669@test.ru','$2y$10$Rnz30E70NHv7OcOC8V4F7eHcd7srOySCwXTG56zuI1i/yQTLVu9ca',NULL,1,NULL),(675,'test670','test670@test.ru','$2y$10$r8jH5nm1/wKHbD.N4mGVcODirPs5Feb8fkVy2/0.y1jQBbYS5SvWy',NULL,1,NULL),(676,'test671','test671@test.ru','$2y$10$ws9kr55hoVYWDL5rGYWqR.jzY.MX6JySPZJ3NAYytKK8YzXYpFxTi',NULL,1,NULL),(677,'test672','test672@test.ru','$2y$10$N.jRsqOhX1baBdodnlvkxuc66Is1Pp6N/MlTm/r9aSJU20Nu1CC0y',NULL,1,NULL),(678,'test673','test673@test.ru','$2y$10$kMbj7YhBzsMubKhbDpRU5.Yw38ow2O5oFA7BB/vstDWrLauxjPb5q',NULL,1,NULL),(679,'test674','test674@test.ru','$2y$10$9MRj1AUrHNlPeaLn7mScyuh6XHsPfoSdrgGnRd.NZdbdITymf6vvG',NULL,1,NULL),(680,'test675','test675@test.ru','$2y$10$ZdgJzVEZpraVnlHivxOa1.FCSE.OQhKoc/onu.UM7I0d8VZ.by.e.',NULL,1,NULL),(681,'test676','test676@test.ru','$2y$10$Codr3xrFTk6oJn3ow2Q0FeMEBylPSCworYbdsviDYexIwtVwLsdTu',NULL,1,NULL),(682,'test677','test677@test.ru','$2y$10$xpDW4L7KDU2psMTXzjkIbu8pp37DiMB22Xo3HVRfOVkdXnXnA5qq6',NULL,1,NULL),(683,'test678','test678@test.ru','$2y$10$8E//WboKQc5Bg2e9pvxB8uKM5Ffv78w5sdT4bBtIa7mWNXxZwLzpG',NULL,1,NULL),(684,'test679','test679@test.ru','$2y$10$ekid.bRUnlkySp0C5hVpk.9I6Yd3dlk.vYZ7smJHSjOkodAQOB9Um',NULL,1,NULL),(685,'test680','test680@test.ru','$2y$10$wFw0qoULNxgDkut.GlS6NOfn..rxXF009e7wZ/e/iMskFbi18irbG',NULL,1,NULL),(686,'test681','test681@test.ru','$2y$10$kGvveabPM55SIttg4cIWkOpSw0zimqCa0Sa7g/gdH49aQWozwu5sK',NULL,1,NULL),(687,'test682','test682@test.ru','$2y$10$w6mjzZwOcjGrWkXJKBighuYhJQ7sXuaNqwV5NU0inphfJ/4VyAfl.',NULL,1,NULL),(688,'test683','test683@test.ru','$2y$10$Y3tn5ugh9/9emPc5xrQF7.vUUzwfwXz/U3E.U5dvQb1gaGjz7tbw.',NULL,1,NULL),(689,'test684','test684@test.ru','$2y$10$hyPnR4RNBQ.Cks9e3jbCreougf3uTGEfMPfTu4RUcZGyJE8Z7LxcK',NULL,1,NULL),(690,'test685','test685@test.ru','$2y$10$tc7/GUAOO7P741tOsuF9/uPeix8aj9oc7OLO7r8i/ruYVFUWlyuAu',NULL,1,NULL),(691,'test686','test686@test.ru','$2y$10$j1nwmz8Tlv75I.PMk6P.SOygUwM.hV6UlJV2BkS2YbGUGzx7xhpMm',NULL,1,NULL),(692,'test687','test687@test.ru','$2y$10$kICL75HUuAC0ai58B7Q9ZObBg403ohOo7K40bKoa7ZOGBbQsUBvNu',NULL,1,NULL),(693,'test688','test688@test.ru','$2y$10$UqK4oKfNSSBmdzxDU69RFeHdmzQl3tJBOTh9GzzoSI6PmaVgpSlzS',NULL,1,NULL),(694,'test689','test689@test.ru','$2y$10$enIwtuLF5o0SjU6ECcs.6OhObBDWbytOb1.FZfrdQ1R0pZNmnsWqa',NULL,1,NULL),(695,'test690','test690@test.ru','$2y$10$L9PKTzn3wWnRTMi.v8njVuitXWh4LqqDDVZf8VcGdGv4TKHgPD8kS',NULL,1,NULL),(696,'test691','test691@test.ru','$2y$10$ljd11TxCEfcdKuvwXy2zg.gpEQh2J.SzskASOD922lW/7jDVnAhJ6',NULL,1,NULL),(697,'test692','test692@test.ru','$2y$10$KGF5qd2P8XDKJFNrFofgueEFOh3K6uTtidgO0rgwqX2lxRAK5S76G',NULL,1,NULL),(698,'test693','test693@test.ru','$2y$10$Iy6kOrlmKd5HBamoMcr3w.YRa0AAvZNn52Rt5G79n2.OPYzbjiF1a',NULL,1,NULL),(699,'test694','test694@test.ru','$2y$10$Asms13i836KXNQR1Tpy.5.pa.IAeSxt4z4UQdcKVkBh2w/rv9ixcu',NULL,1,NULL),(700,'test695','test695@test.ru','$2y$10$jUSZ0xbvj81DUweh9IvI5.gFpI5QxRhFR.hw5GPvI3/OI.IgEJoL6',NULL,1,NULL),(701,'test696','test696@test.ru','$2y$10$jMR3vqaF707ObFih2ff9rOfSY2PLtUd2Cbqf192yRyoDK831mlhSi',NULL,1,NULL),(702,'test697','test697@test.ru','$2y$10$3qQCzCWRvDTrN7AXn2MWqebNIGisjB5lcC754kNypucLZO2EidBhO',NULL,1,NULL),(703,'test698','test698@test.ru','$2y$10$q2CSCtRolYcOs4iz/T3cjeVZxQSUFUoevk9pbvNCpluGdNjh.ssOy',NULL,1,NULL),(704,'test699','test699@test.ru','$2y$10$xJ5mTTId1dcu3Tj.zKcPG.FoOaJG84EvHNBTXxVwINXKFnOa7vRja',NULL,1,NULL),(705,'test700','test700@test.ru','$2y$10$et1IdcmptFueq2VUxqv9c.dr0KSiCNn.42IUDfkaicgQjjjNtNO8W',NULL,1,NULL),(706,'test701','test701@test.ru','$2y$10$G0E8tcopW6qIDFNyg2pL7uVsu/ehRz63gbbluOM/fqw4tjSnid6.G',NULL,1,NULL),(707,'test702','test702@test.ru','$2y$10$Dt7T.MmMGKJkUBzxHFEBBOmK3RYf.QoEcKFvQQ3Lp8YUy4mXa8ZOe',NULL,1,NULL),(708,'test703','test703@test.ru','$2y$10$66XLEp9exn1limp2mXF5LOKY/0MtsOo2jdOPNDZyGDNYFuiPfHvlC',NULL,1,NULL),(709,'test704','test704@test.ru','$2y$10$Xah4gaYRl4lHiRLfjj6f1ecqbXv7WXx4h/5ieGG3nClgJ1P89UG5a',NULL,1,NULL),(710,'test705','test705@test.ru','$2y$10$mJ1eCa9yQDUakvwdCs.KDuSa.qznpWeJ2GuFELoUBUfYPSiU0geGG',NULL,1,NULL),(711,'test706','test706@test.ru','$2y$10$rM3Ott9QjJ9jEElmMdkOOOakxIDaOoyIo2ctV1h.s47pyt4FM0/Sm',NULL,1,NULL),(712,'test707','test707@test.ru','$2y$10$Ik1dzkLSFQqC15PaQ2ToB.lv4wYlpokN7hiySlUoc6XIwqRsQ/oOu',NULL,1,NULL),(713,'test708','test708@test.ru','$2y$10$3VK0qP9RT4OwlE9DHNWsh.4sZ8i3mrFyLMYDE7NO8/VpLw0Xa4N6e',NULL,1,NULL),(714,'test709','test709@test.ru','$2y$10$NV21ETnD2KyAmI1byfCrwuhfeZU0VJtw4v0hiz1wBMzFXNq88dSbS',NULL,1,NULL),(715,'test710','test710@test.ru','$2y$10$bftOKtgIC8bZ9Raua5QRaOM/13XDLam1IVb.9Ljl/l2Yti8oNwMOa',NULL,1,NULL),(716,'test711','test711@test.ru','$2y$10$UONRdXuYdUuBYdXjiUEneecl4qCNQKWbGkaQwTb7Z5Y/SCzoH5e/6',NULL,1,NULL),(717,'test712','test712@test.ru','$2y$10$2eVvAXq1pHTzk5kY5JAvJuK9pLfVH032ZjqRUYpDU6bA2ReafqsNC',NULL,1,NULL),(718,'test713','test713@test.ru','$2y$10$3JzSHZLSperXmh9XAQuGIumrhwXJmbQnz4yoUZ1dSqFYSeYKl35Ji',NULL,1,NULL),(719,'test714','test714@test.ru','$2y$10$IjAUdTOG71dUJbLv5gQJbOcF4055naGyLQ1LsSXLGGTBjbaDJpZa.',NULL,1,NULL),(720,'test715','test715@test.ru','$2y$10$EIuohHkH3doQN2HAtUF/U.Ijf2l1g4.vZ2uw1WiubaKDWy/Z2Lqgu',NULL,1,NULL),(721,'test716','test716@test.ru','$2y$10$mOgrFgltaGZlmxq12mi5AuIH.RxNrKfXsM8nyiJ3cBHlGScvW7xfe',NULL,1,NULL),(722,'test717','test717@test.ru','$2y$10$ioY3xH5dobtYQpASOBwm/uzK1FAa29HV2tB3nNMzuVDPviEoaoTNG',NULL,1,NULL),(723,'test718','test718@test.ru','$2y$10$lGVO1MJAHMFlBZcH2Dp1auaLxUbQulanS5qifCFRpyhySXjAdWtsq',NULL,1,NULL),(724,'test719','test719@test.ru','$2y$10$u763BV7jiyGaKEcKygISl.usOpt8jW.BWo/Dd0g3w.ciHQzyjpqRm',NULL,1,NULL),(725,'test720','test720@test.ru','$2y$10$SqgDarbZXRZf125jPVVTBORdtgMx8aCshC35UF7VVExgL46/sm6ZK',NULL,1,NULL),(726,'test721','test721@test.ru','$2y$10$S.cY5Tb8u5edahFpDeqV9.Jh9YknpAjW/.9Qninyzh.gAUBy9imZG',NULL,1,NULL),(727,'test722','test722@test.ru','$2y$10$UpTtRncd3imFvzNuNZ5G4eDwZ3u0kTkjE8sYh76JjZuLkWTzLXuxy',NULL,1,NULL),(728,'test723','test723@test.ru','$2y$10$P93JGSmbLpv39HgAXvHwSesZAYeA0h1EriiCK57N39IZPJS1rqdpK',NULL,1,NULL),(729,'test724','test724@test.ru','$2y$10$cStVUg230bdmBdYfuGAhmuBcUF8SoerZcNVpbLRzRagyeY8blieKy',NULL,1,NULL),(730,'test725','test725@test.ru','$2y$10$U9feqT6b/g/sg5UcEX1RTuhRYinLg11R4QizqUsDRDoAqdG8.gxtC',NULL,1,NULL),(731,'test726','test726@test.ru','$2y$10$y8FdQ1ue4Qf1MLk0NkEwJupsjjt.WIlkhgeHm8XmLvW8N/JL.vpji',NULL,1,NULL),(732,'test727','test727@test.ru','$2y$10$BmqrnYsCehvhl.CvmyASCOrx1cyCH5eTE4DuthPIf/isYsjyNxsxW',NULL,1,NULL),(733,'test728','test728@test.ru','$2y$10$vzbiPJ8KEjKESrUJk/B4guT1cuNKUYaFFc6.cuyrcyigKYkTVKN8G',NULL,1,NULL),(734,'test729','test729@test.ru','$2y$10$DDrl.GvCOznZWP8pCWbVVuI85sMNGmopgqPG.OMTNSIvcHV/GtMWu',NULL,1,NULL),(735,'test730','test730@test.ru','$2y$10$AIepVeNu1INInlS6PJG/7.ie75C4XlprJ3THOFuDmbEACANvOlPhW',NULL,1,NULL),(736,'test731','test731@test.ru','$2y$10$.iq7vtECf6sy75xJ5OAVUeelkh4c/d5a8cwUYfnRc.Jjip0QwCWJC',NULL,1,NULL),(737,'test732','test732@test.ru','$2y$10$JZo4oYBfizJxdbIMZZmSSuoaumihnUz.qEFZ1h1TiHdhRrqnhuVvO',NULL,1,NULL),(738,'test733','test733@test.ru','$2y$10$FOwz/nC993NXXx3MCDiwXusvppuM0XlJ.Y6Y8QmtqVVXflBu0Nv12',NULL,1,NULL),(739,'test734','test734@test.ru','$2y$10$iYcaCm3O0OQ42rFqIfz91O3DYKfTzD6mHi0bfx.4Q/RqEU/q3qFsW',NULL,1,NULL),(740,'test735','test735@test.ru','$2y$10$T4PuJn/on8.pnME2N0YMpOnJuaM8t2NL5.OtNoY.Ar2daCMrJpOe2',NULL,1,NULL),(741,'test736','test736@test.ru','$2y$10$dntfCwkIbjtqFIfz2CL0zenpBjogtv3TxpJbCzvUlVOABX.na2ZIK',NULL,1,NULL),(742,'test737','test737@test.ru','$2y$10$C4KZV1.kodz4q78JVL/bVOF6MKgzvSGcT7fArCNWNmZlu2rENs3LW',NULL,1,NULL),(743,'test738','test738@test.ru','$2y$10$wiA2M5ogCtHqub/h4k.hmO8L1DRMaClnneBQYtsu/dS6kT25ng9Te',NULL,1,NULL),(744,'test739','test739@test.ru','$2y$10$p7yCdnHCvM4ePpOVeiWBI.LM2ax1SsT5ui73jc798gpqpZxepIXEO',NULL,1,NULL),(745,'test740','test740@test.ru','$2y$10$xuWR/cjVFvISS1FVBqHKPOu9qcuRDcUFCT0RuT5zPK9TcQuSVWnX2',NULL,1,NULL),(746,'test741','test741@test.ru','$2y$10$oLYEcQHQiWt8T.USzoQUZuqwOO4wStiinRpZcwpuhvj1GWTVZ4l9S',NULL,1,NULL),(747,'test742','test742@test.ru','$2y$10$YsJNIBsFoo0YtAZiN7kq..CsmnntvOPmfGAM.4uoE2Ipj7Y/0XwEy',NULL,1,NULL),(748,'test743','test743@test.ru','$2y$10$gO9KFQmVycDDiqQzpPAvXue0NmF4joIBJHhC0te6ucw0R7s8FpKRi',NULL,1,NULL),(749,'test744','test744@test.ru','$2y$10$Uhzq8siv49SZtsaO/7WqhONdnlU38fWmQAuLWR5S2.tLF9UthCfnC',NULL,1,NULL),(750,'test745','test745@test.ru','$2y$10$Dy3Zl4wrb3cLyH5ePio/Vup19iFlVGliumqV9hQgfSgaGUvAe0s.u',NULL,1,NULL),(751,'test746','test746@test.ru','$2y$10$BwKNivZbcCOjKGhox.ahPe/EwqeIlaq/.JLz3AKQnt3dp8bG1qn9W',NULL,1,NULL),(752,'test747','test747@test.ru','$2y$10$788NgDplDEV9axbsVoktIO25WpqQRZPMiyXkqaKujrD1TNeePY2k2',NULL,1,NULL),(753,'test748','test748@test.ru','$2y$10$hSYZ.302rybnXpLZeMROLewnf44rG..EF32FNttto91746HtC0n/2',NULL,1,NULL),(754,'test749','test749@test.ru','$2y$10$MdNu9IIv.WhJVgwWArHTx.hYnhp.hneH4kETg56KnooIlBV1wY5e.',NULL,1,NULL),(755,'test750','test750@test.ru','$2y$10$HmFjop3CND1q3gmzRDetz.Xz.G/cQHKHk9GcKaLglNCRfBmRn.ope',NULL,1,NULL),(756,'test751','test751@test.ru','$2y$10$jjJrXRfgCvrqUa62gLfaNumaCFqdpA5WFPhUrUaivgmzqeGXLoBe.',NULL,1,NULL),(757,'test752','test752@test.ru','$2y$10$uFRPXn6UBH7IUo1JLWzyzuT7PFAHoy20vg7i69oOb81XuTljx//vC',NULL,1,NULL),(758,'test753','test753@test.ru','$2y$10$PJKaBnCrbcaEoz6MUMWm7uKVaK1ammwlMaLO/By0O4IrfrY0Hhc2y',NULL,1,NULL),(759,'test754','test754@test.ru','$2y$10$lo7HU9cc/KNgmSMLRqQPv.Yj3d/.Am5Pcsl.YRVdpSbmDt.H0hp86',NULL,1,NULL),(760,'test755','test755@test.ru','$2y$10$n/e.pHzArrqvPod57z.Sw.YgOi6LCcOm3CyGF/9kBQciLse8f104i',NULL,1,NULL),(761,'test756','test756@test.ru','$2y$10$lB9QwVVRheqq5Q0yBts0F.y.ue4ZoSrtvSUTnrTvgxEVKIG7BTox2',NULL,1,NULL),(762,'test757','test757@test.ru','$2y$10$RaWqj65K9y94Q5ZtvhJPwukIllKaIBUNRPufqfjxlzSNSSz8lqODO',NULL,1,NULL),(763,'test758','test758@test.ru','$2y$10$fFU8xb55ok8X9D/wQfIoMu7P6XrOLkdbOCe9AJG5VNj.LAB//4zRW',NULL,1,NULL),(764,'test759','test759@test.ru','$2y$10$yZ7MlhVN79NXxJ/hv7gJGOkL2QMZQy6hZYdYNJXqdjPe/jHLbP8uW',NULL,1,NULL),(765,'test760','test760@test.ru','$2y$10$wcOkUejxWdVFwr2eth2JZuXJLSWxRt5n0dM5srZhowEg3fkkduh9G',NULL,1,NULL),(766,'test761','test761@test.ru','$2y$10$Zabk6/jK/b08ZVUE7438CuJ0p5YBu2d2D9YAibU/bFzXudbNi2xq2',NULL,1,NULL),(767,'test762','test762@test.ru','$2y$10$1NDaVfcLUjJKH1mlLc/A4ep/7DgpW9xC5RJDgUWEjpqrEbhTdWnYa',NULL,1,NULL),(768,'test763','test763@test.ru','$2y$10$jslnubdLYnOYoLn8lxdimeBwEm7qkjfEHyCqaBEwSmJ1ELWOM6bYu',NULL,1,NULL),(769,'test764','test764@test.ru','$2y$10$IKhVfMFgOywEq9VhsRG4GO9nzE3nmLXQKEeBX9.ihjx7GK9pQtqWi',NULL,1,NULL),(770,'test765','test765@test.ru','$2y$10$oEQt2ZJz4ll8vcqxw7miH.jphQf7wvbXtGhENxmZUXlOmTv1OexF6',NULL,1,NULL),(771,'test766','test766@test.ru','$2y$10$Wrfgk3LEV4vT2FGsHEahX.xzyZNgB7PgMT1pWlDbWmQqva6cOA0fO',NULL,1,NULL),(772,'test767','test767@test.ru','$2y$10$QmLnUTN75LFHt197.0MpX.qial8Mfo8fRBMaA0eFyVAnZ/8lxrKL2',NULL,1,NULL),(773,'test768','test768@test.ru','$2y$10$caPIlFMZNaF.tUevTqNhKeQJoHIuQv.DAnZ9OYPSSdBakP2OIj1Yq',NULL,1,NULL),(774,'test769','test769@test.ru','$2y$10$QA7fAQBl0WjL6gK98W43tOqqbR7Vkb7TIzTn/kZzFSjqBkC7cv8Ym',NULL,1,NULL),(775,'test770','test770@test.ru','$2y$10$DHhvqUZdhbBGaLBhiEEZj.YwOIW4cXibA10Fj7gl49YBtP04bfnuy',NULL,1,NULL),(776,'test771','test771@test.ru','$2y$10$K73s5wVVOL5yHK6IeGbu9OYL238XFOG6vIoY4wq1JXRv4q/Md0yra',NULL,1,NULL),(777,'test772','test772@test.ru','$2y$10$x8QXodYBt2qcAJvgb33eXu/ZX8dFCn0hHUSKW221o05V2HDI7hGw2',NULL,1,NULL),(778,'test773','test773@test.ru','$2y$10$M3kmw23udGB0bT2s3kw/GeeDGp3wbnb9eyI21Zi1dJ4kEBxFEwK9W',NULL,1,NULL),(779,'test774','test774@test.ru','$2y$10$OzQrDYsKed2pDG4eW5cnwe/L8hTxYQzHlpimAO6jz2YB268mdKG7K',NULL,1,NULL),(780,'test775','test775@test.ru','$2y$10$hkhYioQn3pn6R.vuEzHl6.QoD.ZX20XkOp3A6sPwh49HC9Jix0P5C',NULL,1,NULL),(781,'test776','test776@test.ru','$2y$10$T8O.clamvSxUHuTtk9TTJe1hSdJx03BoXur3oDc8o0IGk0f46lX8K',NULL,1,NULL),(782,'test777','test777@test.ru','$2y$10$W5soSfyf8EG/paoaMEAa/O7dADU/TxFmacFQAQocMZmv0lZ695W/i',NULL,1,NULL),(783,'test778','test778@test.ru','$2y$10$E2x1MkraqVRHaMe1GWvgOezYJ1ZNj0RhSJyhDKxgGyz1PTeEUWmxm',NULL,1,NULL),(784,'test779','test779@test.ru','$2y$10$rx65pQhysTLUiBsiCh13qeMJYmEleWXRHglwGEnOsImUroGSpTvzy',NULL,1,NULL),(785,'test780','test780@test.ru','$2y$10$FdtDee1giOD31zWO9QHZu.dpr4VVlI2S3XP2tBO8xuJYeZswMEFJW',NULL,1,NULL),(786,'test781','test781@test.ru','$2y$10$V9E/Q9ruZaumuG3Nu6qnOearC2vHi1J8Zs9/vXwei6FGeXnPS6CgW',NULL,1,NULL),(787,'test782','test782@test.ru','$2y$10$Jf5MjlnTQfs2pZ7uofuZmue5um4SxnmXIrvrvozuBdNBqex4wjx9S',NULL,1,NULL),(788,'test783','test783@test.ru','$2y$10$Al/pquIlmfpoaJOHGHSGFO4cyNd7ls94nuVlkB6sxd.T9kuv7rGfW',NULL,1,NULL),(789,'test784','test784@test.ru','$2y$10$N7r15ujdG6YCT5ltBt3qzu5u4WqyGH0.syFgBnFoB2Gdqjgwzolhi',NULL,1,NULL),(790,'test785','test785@test.ru','$2y$10$aNuzwlb.Je/xYgiLe3eZYu22FTipkcgQbzb0K2KXIGqMfaXWx7J3S',NULL,1,NULL),(791,'test786','test786@test.ru','$2y$10$x05cBNoH.dXvPLTAfXFm1.f0lCHcfpqOr7sGaKB8swbmaPHbGzeZO',NULL,1,NULL),(792,'test787','test787@test.ru','$2y$10$OtFC5gEcaUIcBuVjvGzT4.3Fqe8yrzyr3sbjiRANTCwL80TR2AC0y',NULL,1,NULL),(793,'test788','test788@test.ru','$2y$10$EFX6p728t1.ld29eRNz4LeoBVK86VXi9IRGeJKU1NjFtnFZ9WXmL6',NULL,1,NULL),(794,'test789','test789@test.ru','$2y$10$2Wlw5NvD.qvTWAMfvf2F9uAslURD943mNKdf7EhIBds4WtGQEiQIC',NULL,1,NULL),(795,'test790','test790@test.ru','$2y$10$YFDDGE3BQ.I0vU4rJTxcauHbGa1PHmKz5MfPZf3dqpUqxZMesspWu',NULL,1,NULL),(796,'test791','test791@test.ru','$2y$10$C/QEsrLOGlUgtQF0sgMsYeTD1wW/5FsHfZKBSkaCJ8JDiyIteZliq',NULL,1,NULL),(797,'test792','test792@test.ru','$2y$10$HMFHLVmPN1Iq/KF/RTqMEOXz0gj55WRv442r0qVZ6Fz8e8OrU2DXu',NULL,1,NULL),(798,'test793','test793@test.ru','$2y$10$FW1WFlabQ4i1okQC/0r.mO7aV63qK9CfX9epNm5zNTmvisaQz99ZS',NULL,1,NULL),(799,'test794','test794@test.ru','$2y$10$sA384d2Y1j/GwbO1R51k/eNt9Hh.Qdk1dmmdbBttNT1w042IQP18a',NULL,1,NULL),(800,'test795','test795@test.ru','$2y$10$dFNSvggMFtM63cHSdBHaU.jsp/UNRiTMVX8j2SOTDIHpMgf5C8GtW',NULL,1,NULL),(801,'test796','test796@test.ru','$2y$10$3d2QSunR8/Few6Ql5JTyZ.9fWA6rCZHqvRz3yjulSOVIp/4vR7KKy',NULL,1,NULL),(802,'test797','test797@test.ru','$2y$10$zl9Hcrz2f9tSDQl8A9ODR.66t5XewqMQeVSaWyx8OPfNiN7F8cYBW',NULL,1,NULL),(803,'test798','test798@test.ru','$2y$10$sNF6a3qAG9/B.W5VWupbDuPP4XxdFkFpxiPYLd7DFgGS5L2zE4b5m',NULL,1,NULL),(804,'test799','test799@test.ru','$2y$10$2XbkBWHcxbDjUwPqs4ocP.A3bEEam.HgWWNgZYUHvaqAK/pyDY5Py',NULL,1,NULL),(805,'test800','test800@test.ru','$2y$10$HSQhY9XcGCWQ8bWPk7lec.VF0HAPxK/PL5e813bNBhpYoIYkCF/Iq',NULL,1,NULL),(806,'test801','test801@test.ru','$2y$10$fH2zh4uF7za8EoZzPHZwsuV6RQcmTKrr6vf6Ora39OOWpk3bSZMjm',NULL,1,NULL),(807,'test802','test802@test.ru','$2y$10$9buU2QxVzqk75DNgifHf7.XV5z7Lp4p4ueIaZhkaC/hYrgJVMfuc6',NULL,1,NULL),(808,'test803','test803@test.ru','$2y$10$uPGcsFWNpLnS3sQd9fatt.V7EmAhLkZCTBd.cA2AuAypJFB8n2KvG',NULL,1,NULL),(809,'test804','test804@test.ru','$2y$10$qKlZ.urpaWqc.2cUMgs1QuwPN1HqAKA8BED8Ztwu0zUjYHQ3hW5Li',NULL,1,NULL),(810,'test805','test805@test.ru','$2y$10$6eYQLlYW4OR1eR/Aw/LU3uSuNz.J24/bboeGiqwyjEypKSmp3v/1q',NULL,1,NULL),(811,'test806','test806@test.ru','$2y$10$L88KA46hp5Zayc.0tOUAdeJpF8aSgFPkR4tfrex91SYQGPJoAz0zm',NULL,1,NULL),(812,'test807','test807@test.ru','$2y$10$EyWY9yO1t6GuMnsY7y.cXeoewCJNWnGMtuKo.lOgZR/X83ddMi.sC',NULL,1,NULL),(813,'test808','test808@test.ru','$2y$10$pLwjm8ayuxEwmoUhaJWwfOtB8u5EOgnyBefnyLemTGHX.4EKaMOKu',NULL,1,NULL),(814,'test809','test809@test.ru','$2y$10$y/n7uiSJCTsRHMY7zfnmV.U4fgSv9k.j3qoNbqBgpanjwCxjGR3SK',NULL,1,NULL),(815,'test810','test810@test.ru','$2y$10$xp5No/pqQqZ9X4MO/eNN1eD340OlPQH.R1GTITjKs7JZvFs5e9mWS',NULL,1,NULL),(816,'test811','test811@test.ru','$2y$10$YojEDeeUCA0MW.x3Jr0r1ODmFcYxZ4so/z1QVHOvIXELYe.ikdy9G',NULL,1,NULL),(817,'test812','test812@test.ru','$2y$10$zv33utj8ABnT5tfByyDEs.531oCBfGMjy7qh71giOBN6EmTh2eGMa',NULL,1,NULL),(818,'test813','test813@test.ru','$2y$10$sb.jvUGBtboHDAOixOUco.mNdu78Ro850FiliIyq4KrmGSbA8pOey',NULL,1,NULL),(819,'test814','test814@test.ru','$2y$10$2kAq1zJUYQt9dWY4CREFDOHAhusq9UzjWSmcu00xIkEmjzwDIIZ3y',NULL,1,NULL),(820,'test815','test815@test.ru','$2y$10$sUq1qFJlIDsCY/H82zz4oOuifPEeBBXj4da01ub01lfFUpHrm6DTO',NULL,1,NULL),(821,'test816','test816@test.ru','$2y$10$0D2sfWU.V0qU5LIauZBDoORew19LzxMi3kRzPrKq4kVHyoOcMSScq',NULL,1,NULL),(822,'test817','test817@test.ru','$2y$10$YMu9A6bh.Hg2WtrB27EL6.IgNK69LnnnR8ueqPNtTbmHVBtEF3yXm',NULL,1,NULL),(823,'test818','test818@test.ru','$2y$10$XGkxwzzmQbDv289p/hbukOIh6WOWkeM/aozMxBha0hFC.jKCTHHvK',NULL,1,NULL),(824,'test819','test819@test.ru','$2y$10$vBss8WpDFe7SH8Gh27KFwuE.7CHVNRYfebcRMG5AL1yM.1hPHfRke',NULL,1,NULL),(825,'test820','test820@test.ru','$2y$10$z9d3ALrRNaS/1G4aFd2oW.m3LPqRXo3o9CSQ/cGJXrE9ja/abDHEm',NULL,1,NULL),(826,'test821','test821@test.ru','$2y$10$ntWrZgfi/fkbZfy6u5POl..zhz.CXHZSJbIBuIdgXEqxdBis17232',NULL,1,NULL),(827,'test822','test822@test.ru','$2y$10$L86JgNT1rXRpgjlAzExUCuq2JP3kCPN4PZGWsLnjJj4yKTS1Av3CK',NULL,1,NULL),(828,'test823','test823@test.ru','$2y$10$mgWNl.3fWkYiwmKw0GixeOVa./MnSauxYxB8MUrJUAk6zx3ro7DAS',NULL,1,NULL),(829,'test824','test824@test.ru','$2y$10$x.zOq1NJEA/GfJLKk5IsuOBSm/KReH2n5S/4I8GMj/6KhqhreQnqa',NULL,1,NULL),(830,'test825','test825@test.ru','$2y$10$IUyW2luG28Pl4ZrNuzSGGe6N6ClOMvNCCVHp.Ey.i6g8kDQcgrn56',NULL,1,NULL),(831,'test826','test826@test.ru','$2y$10$DXcRFHOZH0v5qNgZxfwpRee6PQbfpfmhfPijW/cRdz87cOuGvzt7u',NULL,1,NULL),(832,'test827','test827@test.ru','$2y$10$XDoksiI4kD3wE.Op0Xek7OxGcDQ47kIp83hCWHRS5PiYHI/VS.2Ve',NULL,1,NULL),(833,'test828','test828@test.ru','$2y$10$UWWgwiK9qcOHFbg/N/s8LeMn04DYKCyphdqRltopUtUObMMVxBjKe',NULL,1,NULL),(834,'test829','test829@test.ru','$2y$10$GYvRMLifR77g3yYhx.Y3w.Rc6QPvwxNUUklhwlFMEICtPHTaynavK',NULL,1,NULL),(835,'test830','test830@test.ru','$2y$10$LS0awALvzYjd/o7JO/wqwOPDO.2te0inX6PGRUPOYL6v0v7tQRPnK',NULL,1,NULL),(836,'test831','test831@test.ru','$2y$10$X67WeStaUEMuQGH/ihO.p.c4sGdIViGvCryxf5PLqRrBafThQmkoC',NULL,1,NULL),(837,'test832','test832@test.ru','$2y$10$UwKvjGq4X7SbnDp1ksDNsuHwygh7jEl/XArCNt9kAd2uL0UK2tmqG',NULL,1,NULL),(838,'test833','test833@test.ru','$2y$10$xSD6Z7j31uz7ftMKhG0BsOIWTxVaJ81Jr.z5Cgz6agSyVQEjBvamq',NULL,1,NULL),(839,'test834','test834@test.ru','$2y$10$Dahog4Zm.m76VfLrTYFv5O26l.lCIaFRRsVncDpuAxsoONluInDQ2',NULL,1,NULL),(840,'test835','test835@test.ru','$2y$10$5/yspiar3I0N11/tp3OyZOvU4v2NBB94M9aImEhpU4K.1RTcm.efO',NULL,1,NULL),(841,'test836','test836@test.ru','$2y$10$QJc0Cp3UONfXEmkkvyXgZe1jynL5eTVZgBxWzvII5T76.tcTx4u1a',NULL,1,NULL),(842,'test837','test837@test.ru','$2y$10$rCzaRFWBJ3rj7oUTNP7yheKiYBVYc4TnSDnUb9RDJRjddE/AA7xju',NULL,1,NULL),(843,'test838','test838@test.ru','$2y$10$1r/WWVSRRa2Tj8OZ9hTIdeZRGJZHoGtRoioJxqqgIhXQxbra1tia2',NULL,1,NULL),(844,'test839','test839@test.ru','$2y$10$x1I8/ZevbUjQWDtE0VnHL.DbFaqUOwvMMXFl90.5fC0KVnLdwm2Vy',NULL,1,NULL),(845,'test840','test840@test.ru','$2y$10$hi7IOLf0jLNmkVjpVSMCPuEFoelORi90tqh1OTsJ/iKNc6BVEvmFK',NULL,1,NULL),(846,'test841','test841@test.ru','$2y$10$K9okaKUs9PyM18dBVu.JS.cq.Jq3WCa7hm61F3TrjJqILD6zldh46',NULL,1,NULL),(847,'test842','test842@test.ru','$2y$10$8R4esVvIdn.N0lfGVuL8.eUQ1edkbedLuAgv214lRW7KHE8bL3m6S',NULL,1,NULL),(848,'test843','test843@test.ru','$2y$10$2hHnGrxj4B8yQ5IlTfGpNOBcWTbEXimqpebtlXS9epWusjDnIPlza',NULL,1,NULL),(849,'test844','test844@test.ru','$2y$10$RtVi37OMvAkiIb1tJ5hHAutGonX7UXgx0VqNSbEtA8Qv8K6CsE/zq',NULL,1,NULL),(850,'test845','test845@test.ru','$2y$10$KJy6xvWBE5WjH6qBHlNcDuSAtildhv5qVWAATNmaW1oRMJfpJNTpC',NULL,1,NULL),(851,'test846','test846@test.ru','$2y$10$PBrqB33HOzigneYUcoAs9eKhsONf33sLoLCBeN3IA39uZMI6Pl3Me',NULL,1,NULL),(852,'test847','test847@test.ru','$2y$10$uBOv4kRw/g1aT5SligchJ.48A.gjRMJ8gq4WjYxCJQe3PAaE/XkJK',NULL,1,NULL),(853,'test848','test848@test.ru','$2y$10$eBhUGmhaZLFxt2GUdwc1oOkxxO4TG7I/PPFNf87zTHHWluDdK243m',NULL,1,NULL),(854,'test849','test849@test.ru','$2y$10$Gm0uoRREEdeeivdcW.jYpui5qbO/CCz52GELEyFoc2tBnn/eQT0zu',NULL,1,NULL),(855,'test850','test850@test.ru','$2y$10$7i3dRO4QU8mmItI3fQikTOF/91d6/oNboKIza2DCOyZfhN33gLmBO',NULL,1,NULL),(856,'test851','test851@test.ru','$2y$10$90JdA7tK8nlEspCJ2x6XjegTl0bUl/Rc.S1izfCE5jo6OoikOiLPy',NULL,1,NULL),(857,'test852','test852@test.ru','$2y$10$blWKiJejOnU/tTNLnWgzMe3YS9Bd6JYwLGSXJMFgdTGyLFB.FOiyO',NULL,1,NULL),(858,'test853','test853@test.ru','$2y$10$NLMRNTlQDvOudI4NsOajeOV3oBb0syS1N0/MQd0Io1cs1OuxWpFwy',NULL,1,NULL),(859,'test854','test854@test.ru','$2y$10$tMW902LsJmRr9djaw1joqOm8I4d4kwoxFHzCIZ5iqBLNwwXEmkfva',NULL,1,NULL),(860,'test855','test855@test.ru','$2y$10$j37djeR4.GYSzvCbWZ.mmOm4oRcMM7qvom.4shjAJVQoRRdFrZB0K',NULL,1,NULL),(861,'test856','test856@test.ru','$2y$10$kgb6D5Dt8x.VeijLEh5nJu/qOqEGlwWkvbdpy7arJvd7KUveVGPPO',NULL,1,NULL),(862,'test857','test857@test.ru','$2y$10$rkp9Qonj2zBROf7r4GiwkeI/EzA2rbkiK8GcFCPQ4OANF0JKD5j6W',NULL,1,NULL),(863,'test858','test858@test.ru','$2y$10$ePnqfs0rpS1qG6X/8Bg5XudchGCZ6TW7y5mM4C734q9zjBxLiS15i',NULL,1,NULL),(864,'test859','test859@test.ru','$2y$10$Yo7unRlvaiIrCtr5fQHSue36jgoVei0lNarXmFupqOu5ZQd9ZhEzm',NULL,1,NULL),(865,'test860','test860@test.ru','$2y$10$sbuC6nA/7OrE0LjTmHuN5eWJ0wQ7jGpwSYntUN/0pUHsRmf2fN3YS',NULL,1,NULL),(866,'test861','test861@test.ru','$2y$10$xe/sJcma3PQzILWYN5speuP0S/OaHQz25y6HCH28UxwO/BTrCn/uK',NULL,1,NULL),(867,'test862','test862@test.ru','$2y$10$6bEfjlpKFolcX/yDdoB7NuJ7.jcJ5mgrRx0Ovrci7WN8sDo8I.R3.',NULL,1,NULL),(868,'test863','test863@test.ru','$2y$10$YDgJjxSwGZmMqol73Ex61OkeyDHDh5YZbX63pdXb8x8MnvkQle3lS',NULL,1,NULL),(869,'test864','test864@test.ru','$2y$10$zHHadIeKIfW6fcb.hRkdGuCBH4FBFANFJNWC/wnCcrAFEDNrg1Vsq',NULL,1,NULL),(870,'test865','test865@test.ru','$2y$10$2fItbpEQXcaOOAany/aYaOftxEgdw7AxfF.mUR4hakWKWNjPK21UK',NULL,1,NULL),(871,'test866','test866@test.ru','$2y$10$5TyaX6V7YTQzuRUUSVg0x.ntrilN9FcaK/j1dyYHDhXAv2EUDc9tm',NULL,1,NULL),(872,'test867','test867@test.ru','$2y$10$mwc49eKIEzgyE5JuLhMQMeRoHkRWlMSnrWKvyBDQd1oijuAOgsg.q',NULL,1,NULL),(873,'test868','test868@test.ru','$2y$10$phL.FkFEVJsA0CGkSappzeIIBYMtbrkHEy77caU6t9rHJkwBXPSXy',NULL,1,NULL),(874,'test869','test869@test.ru','$2y$10$rKQzjw1Ab4obEBytVuPU/.vUZkL6JTScjlAOoMCDP4TvePh6z1/Zi',NULL,1,NULL),(875,'test870','test870@test.ru','$2y$10$4bkK/lYocPAYHTm/U.u2pOB2Lq/VKOYrty4sNjeaF9EL1qNY/jFae',NULL,1,NULL),(876,'test871','test871@test.ru','$2y$10$GCJLqQdtN4AQtQBmKazfT.KQuFxgX6VxgJXDsaediVZNwjyljZRc6',NULL,1,NULL),(877,'test872','test872@test.ru','$2y$10$duKhaLlzHBhqGMCA3atnXe7m2w9acmTI3UwOYnuRJyNg6AAa/D0t.',NULL,1,NULL),(878,'test873','test873@test.ru','$2y$10$RGymaGyy5aW8KWs.21MPMeFdWbTMlUuDfFVc9G7f0NkMPQqs1poRm',NULL,1,NULL),(879,'test874','test874@test.ru','$2y$10$0GYVHuRwUV/XM56ob878HuOnRuwq4cFXVPDeXAakPKGg0yBNBvzem',NULL,1,NULL),(880,'test875','test875@test.ru','$2y$10$7tbllppa4T1GM5CUMZRn/.dCsqr9xBPZRdXalvOFBS5aN2ZSM520O',NULL,1,NULL),(881,'test876','test876@test.ru','$2y$10$9p8pP.04kQKucbHYFoPOrO.zjetVr.J8DTyXTW2Y.vOnWu5JnAR4C',NULL,1,NULL),(882,'test877','test877@test.ru','$2y$10$hHh6FuSM9KXGtbEqjhCQ3u4NjRFUgTAX./Wh5Qp6VgCsOmeXvGf8u',NULL,1,NULL),(883,'test878','test878@test.ru','$2y$10$4qJ04KxLqWiX9yEm3ndhrupqnQtIXY5DfKYz6PXKUtQPMH.Otjnv2',NULL,1,NULL),(884,'test879','test879@test.ru','$2y$10$2pA8vC.D695uZglVj3H4Fual89V6aJ9a0u2VXkeOTjx4u6Za4q6Oe',NULL,1,NULL),(885,'test880','test880@test.ru','$2y$10$JxHlpFgZQJok.qjabfWVqe3jXaPlwp.30/FsydUI2RG7EEElX0aHy',NULL,1,NULL),(886,'test881','test881@test.ru','$2y$10$DNdXl.fQT9BH6WVrVpcf4ulXIeDmoWxhsroMMulgal5q9CvFuOAfS',NULL,1,NULL),(887,'test882','test882@test.ru','$2y$10$A5jjvHX9sKrVEidLZDUSD.neA1XvJTUN.KQzVkSUcyOWLo0y0T462',NULL,1,NULL),(888,'test883','test883@test.ru','$2y$10$imKPZFmmrRyWUX0K7P/s9uJs9Be/BOsMjj9pEnU9N65N5x8mgub1i',NULL,1,NULL),(889,'test884','test884@test.ru','$2y$10$RXlQeFQA.reZiMYN5GQ7ze/QuLoQxY9Zq1zXLCUCVXofQPv8wRBoi',NULL,1,NULL),(890,'test885','test885@test.ru','$2y$10$uxpZKARkLHFTev1RkT9pmuv4ycfXT7Fgs/2qFxvjts1foWU5Iv75e',NULL,1,NULL),(891,'test886','test886@test.ru','$2y$10$Do/D8JZpgTjh1xQ48fgQX..l1vVKcgx7yZF6M85AAlHKOzzqJkzY2',NULL,1,NULL),(892,'test887','test887@test.ru','$2y$10$8WTbRVaDNAL5rU9NLS4n8.9XkLLKe0gkH3FZ5tg3vI2UUQnw/PpY.',NULL,1,NULL),(893,'test888','test888@test.ru','$2y$10$NxU4mkzNRllgwbtVXip75OYSP37aMQsECvVS73RCqdnsDB8IpncU.',NULL,1,NULL),(894,'test889','test889@test.ru','$2y$10$h4G0ONc45f7A8IZ3452j8O6bo.kUIFmL0vBbdU9kiqCCJ6aXW44X2',NULL,1,NULL),(895,'test890','test890@test.ru','$2y$10$sJUJl6gvtf1GQWggz710ruo3VKm5qv4EjdwlFKJGLTw78gvN0e2ZK',NULL,1,NULL),(896,'test891','test891@test.ru','$2y$10$PT8dJOhGdlp2px2TNdEBUOhs6jpYea4CYFyoD.FyLfJXwEOqkfgmG',NULL,1,NULL),(897,'test892','test892@test.ru','$2y$10$OrL0pEJ0hOb2j4CKgNGUw.uR5OlYRempsehSqRLXCAojXiDfLB4ZW',NULL,1,NULL),(898,'test893','test893@test.ru','$2y$10$Hd5nHknUxFuv2VIPXBRGm.dtm8K3jFLatCtTENYzGtETUN93KFpgG',NULL,1,NULL),(899,'test894','test894@test.ru','$2y$10$9vFDLgaDRhgqhsXU5s.C9O4YXROGyb4x6rZ8hm2isyVFHJMEV1H7q',NULL,1,NULL),(900,'test895','test895@test.ru','$2y$10$oUkYqOmwh0INuDYLU9IN/OVq6Ez.zUXCgvCaOf1C6drkDX3oLXNQS',NULL,1,NULL),(901,'test896','test896@test.ru','$2y$10$BLsuy9P.Tgo6AGEsS8.FcOaqaUnKtHNy5.Jw0AOf5ND6Em47GwJf2',NULL,1,NULL),(902,'test897','test897@test.ru','$2y$10$RXZbW118eRsYKDhlYsiR2edv4izNPmHLxu74wNfvSA91PyfHMAy/6',NULL,1,NULL),(903,'test898','test898@test.ru','$2y$10$B27ECZ4Z6pRdTatwazhl/OdMsWD5sa.XD1d/iwErAQbdwlsux0DlS',NULL,1,NULL),(904,'test899','test899@test.ru','$2y$10$OhEtJbbItvxxYCe9T10ltOI7Mzw135AcXfZOIRmvnRyn421cmjgH.',NULL,1,NULL),(905,'test900','test900@test.ru','$2y$10$yJc.wDsg185erPSAZGNh2.GaE0TxtDiQ6D6yxK6d1CvkT5FV4y9PK',NULL,1,NULL),(906,'test901','test901@test.ru','$2y$10$vrHM12qeyuxLTsOzdNbbVemh6mVUIJDKDQrN/mj1tY/.So3.Rx/L.',NULL,1,NULL),(907,'test902','test902@test.ru','$2y$10$ckw2VzA5mmZjphW6UC.if.AFibMKTpcjrTBGYhxDN7SJ3e7Lg.bee',NULL,1,NULL),(908,'test903','test903@test.ru','$2y$10$2YJYA6/6ZaFcYk6Jvgz5nu6Mjmwvxe4aZ9cvTkflQQV9d83Nm4G4C',NULL,1,NULL),(909,'test904','test904@test.ru','$2y$10$B5nasMtfHsNWfB4mmGQARuEVr.lcXaOR73i/etnK/TxWysDqvErse',NULL,1,NULL),(910,'test905','test905@test.ru','$2y$10$2HEHtH.d0BMOyW74ghDVEeWilRHWczhR4NPL9LDvNDlkP2HZFD3ki',NULL,1,NULL),(911,'test906','test906@test.ru','$2y$10$zcP6doZkeCk7KbYrPANeeOo5Vcn/kHlImiWSWJxfGeYKtOCKJnbZC',NULL,1,NULL),(912,'test907','test907@test.ru','$2y$10$5zCNjwszFCEc4.M8ZeEYMO6xXkEIcpJHry9z5WHlLc3OyyNU.jePK',NULL,1,NULL),(913,'test908','test908@test.ru','$2y$10$LJxnNGAB8O1R9137SjaC/.T4kfOthRsu2jUSqBDATASfGPpDrVvNG',NULL,1,NULL),(914,'test909','test909@test.ru','$2y$10$AneYkxDIiJ2VV8CkQwHfueI7X4lC./NRHNiti2W3phXWP5oGvT4vm',NULL,1,NULL),(915,'test910','test910@test.ru','$2y$10$SAruB/bV3gb.df8XXApYUuRL8u1RXzAfCPG0EHWlPxICer6UWi3la',NULL,1,NULL),(916,'test911','test911@test.ru','$2y$10$k4pb2IiXTX.AOVdZmn8XHeKEPMmgVkmOUgygJyAnG05Ipzg5Z7c1i',NULL,1,NULL),(917,'test912','test912@test.ru','$2y$10$DFoJe6cslUbWoxPBSGClHesndagrsVmQJWkVkOBjvlP/JG6Iw6ER2',NULL,1,NULL),(918,'test913','test913@test.ru','$2y$10$MpPVUp1O//l6705uc30LS.zmQUQSDr9uwj1rg0agp5BK1TKYlwtFm',NULL,1,NULL),(919,'test914','test914@test.ru','$2y$10$zS8P2etgIutOZz5B38A30eloI7mQZR5TX5ra3qqE7kpuk5qrAiZd6',NULL,1,NULL),(920,'test915','test915@test.ru','$2y$10$.PscUIRGQIQ2dxTAAKAonO/tEfcPiuEm6U5TA6FfndUE3L96mUryi',NULL,1,NULL),(921,'test916','test916@test.ru','$2y$10$LNgpH9e0NnWEoLDYaZfw8uG587.ZSp4TOVs.gshdxhZlHg1r6BSHe',NULL,1,NULL),(922,'test917','test917@test.ru','$2y$10$tjm6LKREmNwgCqIVXRPmDukPl43th0yoscpnD4eglzpYRMEki922K',NULL,1,NULL),(923,'test918','test918@test.ru','$2y$10$KHGiSeloInEc5qj8O9w1/ulIamUN0FkdvpUtkA0H.zWi68/S44MQG',NULL,1,NULL),(924,'test919','test919@test.ru','$2y$10$9c1OQifvQaRGZ/q4HUy26.65N06Qz77eTqnxDyOApxBH37l4xHCEK',NULL,1,NULL),(925,'test920','test920@test.ru','$2y$10$ZP1Inac/.YGUBzgdb/wlbOqnclcKOxnFlA/02kQ.5Y05fAn9X.jRq',NULL,1,NULL),(926,'test921','test921@test.ru','$2y$10$g/FqAntx4XgQq88MugsSU.fSKluuOV5y1GBTa7nz5zrasrZlkKFUi',NULL,1,NULL),(927,'test922','test922@test.ru','$2y$10$x1UPCnIdttHofK0/Qy.dBuwQqjtui0RVuPFxOEWLOoSLuQoLuaWVy',NULL,1,NULL),(928,'test923','test923@test.ru','$2y$10$Mi5UcoaAP9iA8hL6ZpNkcu0rIHQSnLfl0N1gLaebCW31zGY6w1ExO',NULL,1,NULL),(929,'test924','test924@test.ru','$2y$10$TYiULHAMF93OknB/ZMdR/.FhNX1aJq0DTVArijsCiHD1lf9u0XKAC',NULL,1,NULL),(930,'test925','test925@test.ru','$2y$10$iu1AAm.eQJ/01fFWdNTr8.iooeR32cQOH779tFAf.fAmPZZHZ9yfK',NULL,1,NULL),(931,'test926','test926@test.ru','$2y$10$5BvNOvLJkNAJLxvkgo0GRell0HzKKf5X0H4eEq./jLxQLl9BD7qTO',NULL,1,NULL),(932,'test927','test927@test.ru','$2y$10$jF3VspVN3VLpnpvPqD9W5usduhurYlpWqE6Y72YQvZmkhl4phQ0Bq',NULL,1,NULL),(933,'test928','test928@test.ru','$2y$10$fIldwvKl0MMPaBBLluqhQOn.G5APA817/KfotnOge83JXt6mk9NQm',NULL,1,NULL),(934,'test929','test929@test.ru','$2y$10$9rgcuHnqBngtS5gTc5LGdOHnhsW4yUYP2RI3r.IUNyDkjfw7Xrd4C',NULL,1,NULL),(935,'test930','test930@test.ru','$2y$10$An5rH.iCQlLTPsXKh53VIOK6UgcvPun4Q06HL4u1LGop/WgvePd0W',NULL,1,NULL),(936,'test931','test931@test.ru','$2y$10$VCu11w/nMRqq7mIehN1rF.Tjd4aLlKsIvpnm1F4C51wd1Wyc649M2',NULL,1,NULL),(937,'test932','test932@test.ru','$2y$10$GAA0n3L1fGZZW5e55Ul8Ju9Y6NueOb69LZQWtRy79dGjVR4aJmRym',NULL,1,NULL),(938,'test933','test933@test.ru','$2y$10$OxXX5CEtKJFtAjadjUGhEedXapLwzVxOaNJcnQVbmPcg.Ns77ecu6',NULL,1,NULL),(939,'test934','test934@test.ru','$2y$10$g/ZK3MJtTpRDfarUrT.aK.cNLY/.ybsD40hqWNsmbwhqc4nOIh0Su',NULL,1,NULL),(940,'test935','test935@test.ru','$2y$10$UPT6wf3QpdwyFzojNJwBAusEsSBfuI9SkYt.79j8G3FkL8pxo277S',NULL,1,NULL),(941,'test936','test936@test.ru','$2y$10$IwUpJQMrMFt9v9uEvUTEheVU8GhSubDdBAhL2kvGJbFhZXX/vHGzy',NULL,1,NULL),(942,'test937','test937@test.ru','$2y$10$3O9ynjkfqQmSj8O3gKtNhefJV1E64HFp32prGxOrk.JFaAdnl35j6',NULL,1,NULL),(943,'test938','test938@test.ru','$2y$10$6WCuDKu13EIRg163gIcC2.LyrCLUB.8rlsr9L1KKXKAQ52QBKg9Mm',NULL,1,NULL),(944,'test939','test939@test.ru','$2y$10$aIJOIeso1CL7ujBXd4zR/u5jt28295XMzoEfKq3iGQialrNmpTa6C',NULL,1,NULL),(945,'test940','test940@test.ru','$2y$10$7QJYKqtW/BnICEhrKneEz.Sb5WeH2DTBetc5KKn6wLJ5FRKA7XTa2',NULL,1,NULL),(946,'test941','test941@test.ru','$2y$10$xTP8a1I40Md2H6mQDaE53uwtsLf43i.6eblz0SSLRecIFovdmdO3m',NULL,1,NULL),(947,'test942','test942@test.ru','$2y$10$crs0Scl1KGYUia/zQEL.FeZdBaWDiOngwR.jC8dSlsH9RWqx4zxSe',NULL,1,NULL),(948,'test943','test943@test.ru','$2y$10$Puk6uJFfqt/2DE9dGgb4m.TRjH/HKBQgD9TgcS6I1UmQ0qhcYS3d.',NULL,1,NULL),(949,'test944','test944@test.ru','$2y$10$uxCGGZIKAPt2.SwJsSZv1u1fXwOgwp9q2L65ZdS9Hu5uh1jIQcCmO',NULL,1,NULL),(950,'test945','test945@test.ru','$2y$10$jak6.vhF60vYjVQhRp8LXub9MwolyXu3fDi1GLVtouZihEQiMLEP2',NULL,1,NULL),(951,'test946','test946@test.ru','$2y$10$IjAIOR19EaZRk6exoHxoZOxzcU84L3lWo9KjtZ3EEQnpvC2LCoMOC',NULL,1,NULL),(952,'test947','test947@test.ru','$2y$10$9703/ubM/uQ.4p.VvEC3aerNWIm1i32afrR7enIcPAWp.XJp8my9m',NULL,1,NULL),(953,'test948','test948@test.ru','$2y$10$ofRrT69qlNjjBKV4teZ.QecxEq0Tmr9prZ6Z2mH9oFCnLyxpDabvK',NULL,1,NULL),(954,'test949','test949@test.ru','$2y$10$Lqib.fxl65I8AqYKWGbJ3OZsVnA6.DC4CQ9CHJxMdDoc978uKnE8W',NULL,1,NULL),(955,'test950','test950@test.ru','$2y$10$eyWZVm98aZVukl02/NKWc.vDjFzyE1bKrd7nUq2KzDz0VQEJKFE6G',NULL,1,NULL),(956,'test951','test951@test.ru','$2y$10$lGd7UBiwtMahVTc4S0JeT.ToJXqZ95NbB3IoRWcGEKlVHtV5uCUiu',NULL,1,NULL),(957,'test952','test952@test.ru','$2y$10$uX6iCPtCFxJZX8CZGvjz2.tRs2Cm0pjcAqKlqLPrq3gSVIDNttp/S',NULL,1,NULL),(958,'test953','test953@test.ru','$2y$10$Z9lh1g72YAIlMoGNzo9hSe57TBPWH3Ey8B4OQKn7ao1vNF8vZdlia',NULL,1,NULL),(959,'test954','test954@test.ru','$2y$10$6XiST0ou/VU7pINT2SEa2u5dzP3.xlD3pNzX7fchLr3D3kRmlpOl6',NULL,1,NULL),(960,'test955','test955@test.ru','$2y$10$S7AoqnkzH489jAybkL4a1OpTeSzDxZxIuMpRfB70Ze1j0XtY2r5Ai',NULL,1,NULL),(961,'test956','test956@test.ru','$2y$10$p3vnBnLO0WBI7w0J6j3cOOMZOY8gFjSkhHEzzQkru2xWSf/oIwfcO',NULL,1,NULL),(962,'test957','test957@test.ru','$2y$10$.qNzbDkPrugrJnhFoaEdjuOQletmhbMYFxzpMbOKYtQDpkSoYjsd2',NULL,1,NULL),(963,'test958','test958@test.ru','$2y$10$638CsC03CfHx3zqDmVdt3uxBM7QzzM5oEoEpbip.6sIOENMGQlCPa',NULL,1,NULL),(964,'test959','test959@test.ru','$2y$10$y/DlTY4eHwRojsqArmjq2uo6NNERy55qh5BTfVNHO1b0QPnAx6w06',NULL,1,NULL),(965,'test960','test960@test.ru','$2y$10$akTot.SmjtDmXPbFNwBcw.cTeDOKuLqD3s3MUK.UzAVrQKyiB5fD.',NULL,1,NULL),(966,'test961','test961@test.ru','$2y$10$kHdPBqe8h2HGH56CuydurOA/XepSi8nEDnm3TNa6WOh9oKAynOcK6',NULL,1,NULL),(967,'test962','test962@test.ru','$2y$10$mNXweqwwCq9KvZhPEI3Pz.6Ttvquh411iwXo2TUkmpdzeNiPwUeTC',NULL,1,NULL),(968,'test963','test963@test.ru','$2y$10$cZ8Rt9rewBaYoVm4rXjgwe4y9e1pW12rG.SMt0k4eDf8ydp2ZErzS',NULL,1,NULL),(969,'test964','test964@test.ru','$2y$10$OOOnlm4mZ/oEkFKJLcXIC.MNQjX8HjS0.w8NcVcT0zunc4vsSyzhy',NULL,1,NULL),(970,'test965','test965@test.ru','$2y$10$J8HhX0XoMHacQoACX.XseuPvt3/A1FUrlcGz6t31nRHEXw0iL3Mcy',NULL,1,NULL),(971,'test966','test966@test.ru','$2y$10$K8cFjE9pKV8BCFi/F5vsMuEaYAelps1puJJCXFzJXuMdgMvf7OzPu',NULL,1,NULL),(972,'test967','test967@test.ru','$2y$10$B3EYbQrf3x2sGWdevXXKWutjiQ/cY2GlOZFLFRXFrmjbMLgNRC8MK',NULL,1,NULL),(973,'test968','test968@test.ru','$2y$10$5sNIOqXl018VZENFzjzM/uen.3c1F9H3koDkhqWWfQEmCHvZiJnx2',NULL,1,NULL),(974,'test969','test969@test.ru','$2y$10$k2lFuPu3s3SW8Tm5oBvXrevdiJo16Bh66EZgOXMTwk2cRtT8d56cO',NULL,1,NULL),(975,'test970','test970@test.ru','$2y$10$bLtmosj5bzkCdCtJmGwQke3fhdI8U4R8cx3yIs6ZAYJZJrwh0eqSu',NULL,1,NULL),(976,'test971','test971@test.ru','$2y$10$ylTVhrvgAfz5mceKXIWn7upjrTMu.6n5ZjIVf52NR8s.1yXnpDfzK',NULL,1,NULL),(977,'test972','test972@test.ru','$2y$10$ZJX98RfIhHwbX9Mx5gBPL.bA/..U6s/nsQE7bNa25HXgeVWOvNkB.',NULL,1,NULL),(978,'test973','test973@test.ru','$2y$10$qoECc8qwn8dMwwnUn1pfIeZ9TOmb2ahJ00qehH/XZBhKRnJMhb89e',NULL,1,NULL),(979,'test974','test974@test.ru','$2y$10$lwPpSqST8Ib9ZvaNJk0qduK1/6Xi.BA6ZXRam1MW4k9XIN7BfIbcO',NULL,1,NULL),(980,'test975','test975@test.ru','$2y$10$IMJ3jWug1YcJ2bgJ949kKOLMApG/JE12QpgmYUDTLpuEW2iMMT2CW',NULL,1,NULL),(981,'test976','test976@test.ru','$2y$10$pzU0iTGXRJCq2XIOdftKLeyv4IyUqwdmpkraNSIMHgtjSRweEUuF2',NULL,1,NULL),(982,'test977','test977@test.ru','$2y$10$LXFTannui0sMQWFjH72tuOWwjZCsNeLjkmyIaqt7L4n9KRFoltzWK',NULL,1,NULL),(983,'test978','test978@test.ru','$2y$10$FluI0OCVyUP/kl2QtIk6duq5OemPjtGcbaMque.5K.p58t64nF2pG',NULL,1,NULL),(984,'test979','test979@test.ru','$2y$10$V9LGs.kfmc.e9VE3xzix5OTICXhtSWdxe06CDlGJDKzg.d/61eCMW',NULL,1,NULL),(985,'test980','test980@test.ru','$2y$10$id.s/dQl0/y/1mtXzuZrrOf7kkq/j0ZdlekMdaHGLQQA6sPuae/OO',NULL,1,NULL),(986,'test981','test981@test.ru','$2y$10$2Ni/OCo9zD.oD9CHpJJ4leVoS7QnJ9FGKRbCIYeu7VtybbI3kW7UG',NULL,1,NULL),(987,'test982','test982@test.ru','$2y$10$BaEndvltTyp/dutAL1xmheMtWar.1bK68.teRhFI7EWmREbWwFCh.',NULL,1,NULL),(988,'test983','test983@test.ru','$2y$10$uTDWVELl5CrMZO7T.JEqzO5ZAVYXUr2.3AtOyE2jaHiX6JlSCddLe',NULL,1,NULL),(989,'test984','test984@test.ru','$2y$10$y61814cZ/4gEZVkreyxCousFs2Pin/bNHVn2/uk9mfbnuyuSIXecC',NULL,1,NULL),(990,'test985','test985@test.ru','$2y$10$2ZcMujp0Z1C7/KSsiGGXe.Xulycq2OkNKze8Eh598e9PJHIgPYYuG',NULL,1,NULL),(991,'test986','test986@test.ru','$2y$10$PICr5oV6Kw1It0ZvfCUG2OXViMbWRVebD2IUrNDTEqKWkt/8tANaa',NULL,1,NULL),(992,'test987','test987@test.ru','$2y$10$eyB8WGBeZv5kYsAx0f1Nwul82tjtzIrYQiLmTs9q8jqpzX70/Saka',NULL,1,NULL),(993,'test988','test988@test.ru','$2y$10$E.TT/.Cwnj.VWVxKCYAX7e0kXLaAdNI8zAdZ8fzC/.5pYe.rIdp..',NULL,1,NULL),(994,'test989','test989@test.ru','$2y$10$wVipejghNiqxVTWHH1DH6.W1RcAdb3yF4Lzkb5CsHJaU9qfqBdrRq',NULL,1,NULL),(995,'test990','test990@test.ru','$2y$10$Rdupep6W.iuVosPhDT/vUeOe84enqFliQBncfL.hL.YRkPXMBcZpG',NULL,1,NULL),(996,'test991','test991@test.ru','$2y$10$bT2eDnKZT4PHkKGcpgi5Luje6h/9maU25zWydKAHi3Dm0M67.9xci',NULL,1,NULL),(997,'test992','test992@test.ru','$2y$10$w.omvuPVqZ7m1147bsPrG.gG17wniymBcfDvL6mBUHY.T3t5Ye64W',NULL,1,NULL),(998,'test993','test993@test.ru','$2y$10$kVy26MOZJHObORAhnd6YfO1OSRvUS3unxkAJdU9fAJ9BJZmR/4mpG',NULL,1,NULL),(999,'test994','test994@test.ru','$2y$10$pfZNrdnBFBlzkZ1WlU/7eOVPWf6NGKWPU07QC3e/N47FixJdSPaxO',NULL,1,NULL),(1000,'test995','test995@test.ru','$2y$10$/yq2pBq./Mws.FiQaOZDMuWhgTetci5Klwe9n5OxhBZ/QZgB9Jq9W',NULL,1,NULL),(1001,'test996','test996@test.ru','$2y$10$E1xtOd9swlJ0iBYWEijsAe9UqE/zOJ/BfLvmJMi3PqY.eYGLuRwjy',NULL,1,NULL),(1002,'test997','test997@test.ru','$2y$10$Naz/HAVNUIQj/JdpMDfxL.4H0oEFEvxWzT6n3.oqSco3qu1HRzSru',NULL,1,NULL),(1003,'test998','test998@test.ru','$2y$10$ULi/QV5FHWon4aEFTGwSE.3kn497KDJJZzKbfhv6cItchSuH/TEGS',NULL,1,NULL),(1004,'test999','test999@test.ru','$2y$10$gKDtAvo7FYZ8bLTlyISNl.BgFilu4k0llcugMkqVqG9.aa7Tyl9eu',NULL,1,NULL),(1005,'bbb','aaaaaaa@aaaaaaa.ru','$2y$10$.6AB27/vvPcwDvOea8Oq3O8CbycvgXiBjbx6DFSDh8zWfGmHGMqca',NULL,1,NULL),(1006,'what11','what11@mail.ru','',NULL,1,NULL),(1007,'what2','what2@mail.ru','$2y$10$Xisnz2sHBq1RH0meUy85h.1Ui0uYlqLJa53TfxQWd0MxL/CRpHIsO',NULL,1,NULL),(1008,'what99','what3@mail.ru','',NULL,1,NULL),(1009,'what4','what4@mail.ru','$2y$10$orT.c7gMk8cH7JJL9zLcIeoqRftVOvC0khyMGVcaggEVeXhjxikuy',NULL,1,NULL),(1010,'aaaaaaaaaaaaaa','aaaaaaaaaaaaaaaa@mail.ru','$2y$10$PPn2QkRO40q2YHOtVDVa0OnZ0ssOpbllYrQYBsotKekEhw43Hf9lC',NULL,1,NULL),(1011,'what1','what1@mail.ru','',NULL,1,NULL),(1012,'klukvaklukva','klukvaklukva@klu.ru','$2y$10$OwxBziZReqhDph3LBql3POK6wCxU2craRp6YBiwqvyvbY6A1Is2e6',NULL,1,NULL),(1013,'klukva1','klukva1@klu.ru','$2y$10$Xy09adMHr6Oky0XS4qxyxe5ONlXExqq1z2fhxDr.tA4VioeVNw5Se',NULL,1,NULL),(1014,'kirillkirill','kirillkirill@mail.ru','$2y$10$ZSFN7067FYlYrKqpmpmGy.xNbEozsu4aOvnnbW3q64eIg7UBE0stu',NULL,1,NULL),(1015,'kluknulo7','kluknulo7@klu.ru','$2y$10$OFGqRW5ATey19XrAmRmix.lrZJ8TbKoGqgvZR0/OkZI4L/MnjVdde',NULL,1,NULL),(1016,'kluknulo8','klukva8@klu.ru','$2y$10$Eu/GBxna52I8SQSw0Cn3W.gpu/2ylZ78z4dHMI2OulNgFVI9uz4Rq',NULL,1,NULL),(1017,'klukva999','klukva999@mail.ru','$2y$10$QQ7cy9yF4pwTefOmoGyflOATNrjTdx/DGzMlm2NZSzPDpj5tObMhC',NULL,1,NULL),(1018,'klukva9','klukva9@aaaaaa.ru','$2y$10$LEr2tdYLyj3eFLY2WHL46O10rmcmpmefoSeuptmbs1LNJZ8s5Wnaa',NULL,1,NULL),(1020,'klukluklu','klukluklu@klu.ru','$2y$10$ck3QIRFApIx6NfiBmPKIH.jrBH0i58y0yTYQr1ShMQ5v1FxJb.Uw2',NULL,1,NULL),(1021,'kluknulooooooo.','kluknulo123@klu.ru','$2y$10$gdkwO/4gS3ESzLZl8PAB7..j1cJv0T6AqgGsKpXxHLnovn6xGkcua',NULL,1,NULL),(1022,'kluknulo100','kluknulo100@mail.ru','',NULL,1,NULL),(1032,'kluknulo102','kluknulo102@mail.ru','$2y$10$lrK1sKUXz02p7tPFybg/BOS45is2xkJpB/Oy0Ctma6srPp6R1cTpK',NULL,1,NULL),(1033,'kluknulo103','kluknulo103@mail.ru','$2y$10$86CAzH81JzWtjaYQgJNQ4ehZNeYsDIG88lOFM6FbIDVasjUXKYLeC',NULL,1,NULL),(1034,'kirill1000','kirill1000@mail.ru','$2y$10$3xR9kJPE7iqIMDxJ42/RcemKbH.RS330JyysxTa7QmLnwdpcrjomy','2022-07-14 14:34:55',1,NULL),(1035,'kluknulo110','kluknulo110@mail.ru','$2y$10$7KHvv8z2iCM4B3L1eiz59.2Ayk7dttjhmHHTYFVHEsP04OQc03Cl.',NULL,1,NULL),(1036,'rewgergyerr','dfrhgrth@rsngjdnsjg.ry','$2y$10$TLVuH0xNn3ftUyZZLzYxZOcrGa7yWlxTIoOInwa9DSyFdKvQHcjp.',NULL,1,NULL),(1037,'sdfdfsdfadfwe','sdfsfefwsdfs@mail.ru','',NULL,1,NULL),(1038,'sdfdfsdfad','sdfssdfs@mail.ru','$2y$10$QQUf6BQT9Oan7Enw9NXe5.JIOJ8yxBDuk/1OWWxFOpHn7u3DYH69S',NULL,1,NULL),(1039,'sdfsdfad','sdfdfs@mail.ru','$2y$10$dY6BKHe6GJLfuMXKrNCs4OcjF7JXXAq0X/rHfJ4W0/8VrJnRh5pnO',NULL,1,NULL),(1040,'sdvdsv','sdfsdfsfd@mail.ru','$2y$10$aaLlaKHR5coAbA2M6dlmqueAvETCuQ7LWyb90VNw2z6T2RqvBqqja',NULL,1,NULL),(1041,'kluknulo_klu','kluknulo1234@mail.ru','$2y$10$cItooXIRXJvlc4MSodpjxOht7rqnlIoDyLpl9rARtMpw8JTsSE1X.',NULL,1,NULL),(1042,'kluknulo_1112','kluknulo1111@mail.ru','',NULL,1,NULL),(1043,'kluk2','kluk2@mail.ru','',NULL,1,NULL),(1044,'hello','hello@mail.ru','$2y$10$B3hjL2RbwgeYGX5g3trkBerZBJrD8d8nlssqrAUOfRGwIBkU9M0AG',NULL,1,NULL),(1045,'kluknulo987','kluknulo987@mail.ru','$2y$10$xf7Gj10.4PB0iTVTxdCXmO4ImRvjyVaFVvxn.yksaqqnx2q1wlfVm',NULL,1,NULL),(1046,'kluknulo986','kluknulo986@mail.ru','$2y$10$/..RdHO.5wUkNXtQHalNXe9HvlqyYbsPQfDWQoM8O3qVrh6oqsh4e',NULL,1,NULL),(1047,'kluknulo985','kluknulo985@mail.ru','$2y$10$OddRA2iigYDeGxcfQTJ7v.lsX978tK8mBgn3XExm2gmYYfOdaxjJO',NULL,1,NULL),(1048,'kluknulo2','dsfdfs@fsef.ru','$2y$10$qhGM5V5FDCzTVZV.ZB5OUOpCF5YNUf.9G.rudab4rnNxDCG2J/zsG',NULL,1,NULL),(1049,'kluk34','kluk34@klu.ru','$2y$10$Zsx9hfg8o31ykupI7Jd6J.7Xfcp37JeV1An/MzhroMpB9gYz09o3i',NULL,1,NULL),(1050,'kluk35','kluk35@klu.ru','$2y$10$Qx.x4XxCr5tSx.Zteq1Rlur0DK.TuqDFWH8xGT869ktV/fuQqbx5u',NULL,1,NULL),(1051,'kluk37','kluk37@mail.ru','$2y$10$GDobMlXY3bZPhHboVuPu4eLyHIow/5El9ohkyxEykZsosnXpEEhQG',NULL,1,NULL),(1052,'kluk39','kluk39@mail.ru','$2y$10$SAPCoioUwE.nfuz80ML4Puztk3jOX5LYXBN5tVEdQk/II8nMA7/H.',NULL,1,NULL),(1053,'kluk40','kluk40@mail.ru','$2y$10$cBL18ooNcCIQ8J7aY6ZpQOXY4SpN2nYvqtf0orzvM235tE3H.oG2O',NULL,1,NULL),(1054,'kluk50','kluk50@mail.ru','$2y$10$WfRX7qRZoXvWVI5YkbFpuebBH77sC17y8UuyyONxLKtvNUbSNXy8W',NULL,1,NULL),(1055,'kluk60','kluk60@mail.ru','',NULL,2,NULL),(1056,'kluk70','kluk70@mail.ru','','2022-07-15 00:00:10',2,NULL),(1057,'kluk99123','kluk99@mail.ru','',NULL,2,NULL),(1058,'kluk321','kluk321@mail.ru','$2y$10$h4QT.RD1QyHINNWu7udkQ.HBKqxIsvo.FBB0vEmEwqstydouIzpbO',NULL,1,'62d14e84919e2megamegahorosh.png'),(1059,'kirill9999','kirill9999@mail.ru','',NULL,2,''),(1060,'kirill12302','kirill12@mail.ru','',NULL,1,''),(1061,'newkirill','kirill2022@mail.ru','',NULL,1,NULL),(1062,'kluknulo777','kluknulo777@mail.ru','$2y$10$Mf8v4nVTJSDINQNySWiKUuVtE9XSeerPSU26po1OGCbBMiIK04HUS',NULL,1,'62d5333d2995emegahorosh.jpg'),(1063,'kirill202217','kirill202217@mail.ru','',NULL,2,'62d45b8e3dac9hungry.jpg'),(1064,'kirill1807','kirill1807@mail.ru','$2y$10$oSJG46EWL1ryfWsvIkhxpejbmjxvTobQpWnQ2X/Xrx49SDgOtzuR6',NULL,1,'62d53dcb91256chel_horosh.jpg'),(1065,'Kirill','Kilyakov@mail.ru','$2y$10$FxvdxC1iX4DPY44C2PXPH.HCJwYXoeJarXxRekjpcAgB5UsWo/HYG',NULL,1,'62de5acb78904megahorosh.jpg'),(1075,'hellolo','kirill@kirill.ru','$2y$10$SN4uuzIkFXESJBJnzoGR0.hCytu.O0Fb3/oyuHi5IqhUxCxr0KOd2',NULL,1,NULL),(1076,'Kirilltest','test@mail.ru','$2y$10$836j/RWt/J2LpYZzaPAwOOZ82GcPo4ZopwNF2mQHmbFVB9X9wyCG6',NULL,1,'62e25910bae49cringe.jpg');
/*!40000 ALTER TABLE `users` ENABLE KEYS */;
UNLOCK TABLES;
/*!40103 SET TIME_ZONE=@OLD_TIME_ZONE */;

/*!40101 SET SQL_MODE=@OLD_SQL_MODE */;
/*!40014 SET FOREIGN_KEY_CHECKS=@OLD_FOREIGN_KEY_CHECKS */;
/*!40014 SET UNIQUE_CHECKS=@OLD_UNIQUE_CHECKS */;
/*!40101 SET CHARACTER_SET_CLIENT=@OLD_CHARACTER_SET_CLIENT */;
/*!40101 SET CHARACTER_SET_RESULTS=@OLD_CHARACTER_SET_RESULTS */;
/*!40101 SET COLLATION_CONNECTION=@OLD_COLLATION_CONNECTION */;
/*!40111 SET SQL_NOTES=@OLD_SQL_NOTES */;

-- Dump completed on 2022-07-31 12:18:36
